scenario,status,sim_time_s,P1_holds,min_distance,P2_holds,max_occupancy,P3_episodes,P3_all_recovered,max_recovery_time_s,P3_degraded_holds,absent_at_end,collisions,messages,inside_envelope,static_rank_uses,mean_tick_ms,p95_tick_ms,rtf,controller_ms_all,n_drones,recovery_after_perturbation_s,intruder_clearance,self_declared_envelope_violations,envelope_verdict,determinism_violations,observation_consistency_violations
p1_head_on,COMPLETE,30.0,True,4.051,True,,0,True,,,,0,0,True,0,39.19,76.54,0.851,2.72,2,,,0,INSIDE,0,0
p1_vertical_escape,COMPLETE,45.0,True,2.501,True,,1,False,,,,0,0,True,0,38.99,76.29,0.855,6.2,4,0,2.231,0,INSIDE,0,0
p1_two_lines,COMPLETE,36.0,True,3.209,True,,0,True,,,,0,0,True,0,40.52,79.25,0.823,8.58,6,,,0,INSIDE,0,0
p1_close_encounter,COMPLETE,40.0,True,2.683,True,,0,True,,,,0,0,True,0,37.7,74.88,0.884,2.75,2,,,0,INSIDE,0,0
formation_triangle,COMPLETE,45.0,True,4.576,True,,0,True,,,,0,0,True,0,37.06,74.79,0.899,4.39,3,,,0,INSIDE,0,0
formation_square,COMPLETE,45.0,True,3.454,True,,0,True,,,,0,0,True,0,38.67,77.56,0.862,5.84,4,,,0,INSIDE,0,0
formation_six,COMPLETE,50.0,True,3.463,True,,0,True,,,,0,0,True,0,36.13,74.66,0.923,8.83,6,,,0,INSIDE,0,0
formation_recovery_head_current,COMPLETE,50.0,True,3.343,True,,1,True,11.5,,,0,0,False,0,38.4,75.83,0.868,5.87,4,7.7,,1,OUTSIDE,0,0
formation_gust,COMPLETE,55.0,True,2.698,True,,1,True,15.3,,,0,0,False,0,38.32,78.97,0.87,5.87,4,10.5,,1,OUTSIDE,0,0
gate_single,COMPLETE,80.0,True,3.293,True,1,1,True,68.7,,,0,0,True,0,36.76,75.32,0.907,8.15,3,5.2,,0,INSIDE,0,0
integrated_short,COMPLETE,92.0,True,3.335,True,1,1,True,70.6,,,0,0,False,0,38.04,78.92,0.876,8.04,3,5.6,,0,OUTSIDE,0,0
lost_drone_rejoin,COMPLETE,60.0,True,3.268,True,,1,True,27.3,,,0,0,True,0,38.72,78.19,0.861,5.98,4,18.1,,1,INSIDE,0,0
lost_drone_timeout,COMPLETE,64.0,True,3.448,True,,1,False,,True,drone_2,0,0,True,0,38.73,78.15,0.861,5.66,4,0,,1,INSIDE,0,0
mutex_deadlock_resolution,COMPLETE,75.0,True,3.424,True,1,1,True,58.6,,,0,0,True,0,42.79,85.82,0.779,7.69,3,3.7,,0,INSIDE,0,0
line_parallel_mutex,COMPLETE,75.0,True,2.943,True,1,1,True,63.8,,,0,0,True,0,37.6,77.83,0.886,7.99,3,1.8,,0,INSIDE,0,0
lost_drone_mutex,COMPLETE,72.0,True,2.897,True,1,1,False,,,,0,0,True,0,36.82,74.39,0.905,7.91,3,0,,1,INSIDE,0,0
