t,d_01,drift_0,drift_1,x_0,y_0,z_0,yaw_0,x_1,y_1,z_1,yaw_1
0.1,19.7698,0.0,0.0,-9.8849,-3.9999,-4.4352,0.0,9.8849,-3.9998,-4.4356,179.99
0.2,19.7454,0.0,0.0,-9.8726,-3.9996,-4.4361,-0.0,9.8727,-3.9991,-4.437,179.99
0.3,19.7093,0.0,0.0,-9.8547,-3.9992,-4.4376,-0.01,9.8546,-3.9981,-4.4391,179.99
0.4,19.6646,0.0,0.0,-9.8327,-3.9983,-4.4395,-0.01,9.832,-3.9969,-4.4418,-180.0
0.5,19.6129,0.0,0.0,-9.8072,-3.9973,-4.442,-0.03,9.8057,-3.9957,-4.4447,-179.98
0.6,19.5555,0.0,0.0,-9.7789,-3.9964,-4.4449,-0.03,9.7765,-3.9943,-4.4476,-179.98
0.7,19.4939,0.0,0.0,-9.7484,-3.9957,-4.4479,-0.03,9.7455,-3.9933,-4.4505,-179.98
0.8,19.4291,0.0,0.0,-9.7162,-3.9953,-4.4508,-0.02,9.7129,-3.9927,-4.4532,-179.96
0.9,19.362,0.0,0.0,-9.6828,-3.9951,-4.4534,-0.02,9.6792,-3.9921,-4.4558,-179.95
1.0,19.2933,0.0,0.0,-9.6487,-3.9952,-4.4563,-0.02,9.6446,-3.9914,-4.4586,-179.94
1.1,19.2232,0.0,0.0,-9.614,-3.9957,-4.4593,-0.03,9.6092,-3.9906,-4.4614,-179.93
1.2,19.1522,0.0,0.0,-9.5788,-3.9961,-4.4628,-0.03,9.5735,-3.9897,-4.4639,-179.93
1.3,19.0811,0.0,0.0,-9.5434,-3.9964,-4.4661,-0.03,9.5377,-3.9888,-4.4662,-179.94
1.4,19.0099,0.0,0.0,-9.5078,-3.9966,-4.4692,-0.03,9.5022,-3.9883,-4.4688,-179.94
1.5,18.9389,0.0,0.0,-9.4721,-3.9969,-4.4721,-0.04,9.4668,-3.988,-4.4717,-179.94
1.6,18.868,0.0,0.0,-9.4366,-3.9971,-4.4749,-0.06,9.4315,-3.9872,-4.4745,-179.94
1.7,18.7967,0.0,0.0,-9.4007,-3.9974,-4.4777,-0.08,9.396,-3.986,-4.4768,-179.93
1.8,18.7256,0.0,0.0,-9.3649,-3.9975,-4.4802,-0.09,9.3607,-3.985,-4.4789,-179.93
1.9,18.6555,0.0,0.0,-9.3297,-3.9972,-4.4827,-0.09,9.3258,-3.9841,-4.4808,-179.94
2.0,18.5858,0.0,0.0,-9.2947,-3.9969,-4.4849,-0.1,9.291,-3.9835,-4.4824,-179.94
2.1,18.5163,0.0,0.0,-9.26,-3.9967,-4.4865,-0.1,9.2564,-3.9829,-4.484,-179.94
2.2,18.4476,0.0,0.0,-9.2257,-3.9963,-4.4876,-0.1,9.2219,-3.9824,-4.4854,-179.95
2.3,18.3794,0.0,0.0,-9.1918,-3.996,-4.4885,-0.11,9.1876,-3.9819,-4.4868,-179.95
2.4,18.3118,0.0,0.0,-9.1583,-3.9958,-4.4894,-0.1,9.1534,-3.9812,-4.4881,-179.96
2.5,18.2443,0.0,0.0,-9.1249,-3.9958,-4.4902,-0.09,9.1194,-3.9807,-4.4893,-179.95
2.6,18.1775,0.0,0.0,-9.0918,-3.9963,-4.4909,-0.09,9.0857,-3.9801,-4.49,-179.96
2.7,18.1113,0.0,0.0,-9.0588,-3.997,-4.4915,-0.09,9.0524,-3.9798,-4.4904,-179.95
2.8,18.0454,0.0,0.0,-9.0259,-3.9978,-4.4922,-0.09,9.0195,-3.9798,-4.4906,-179.95
2.9,17.9801,0.0,0.0,-8.9932,-3.9985,-4.4932,-0.08,8.9868,-3.9799,-4.4905,-179.96
3.0,17.9149,0.0,0.0,-8.9608,-3.9994,-4.4939,-0.08,8.9541,-3.9798,-4.4904,-179.96
3.1,17.85,0.0,0.0,-8.9287,-4.0003,-4.4941,-0.08,8.9213,-3.9799,-4.4902,-179.96
3.2,17.7854,0.0,0.0,-8.8969,-4.0014,-4.4936,-0.08,8.8884,-3.9801,-4.4899,-179.96
3.3,17.7212,0.0,0.0,-8.8655,-4.0028,-4.4932,-0.09,8.8557,-3.9803,-4.4894,-179.95
3.4,17.6575,0.0,0.0,-8.8345,-4.0041,-4.493,-0.08,8.823,-3.9804,-4.489,-179.95
3.5,17.594,0.0,0.0,-8.8035,-4.0049,-4.4928,-0.08,8.7904,-3.9802,-4.4886,-179.96
3.6,17.5301,0.0,0.0,-8.7722,-4.0055,-4.4924,-0.07,8.7578,-3.98,-4.4883,-179.97
3.7,17.4655,0.0,0.0,-8.7403,-4.0059,-4.4916,-0.08,8.7251,-3.9798,-4.4882,-179.97
3.8,17.4007,0.0,0.0,-8.7081,-4.0061,-4.491,-0.08,8.6925,-3.9792,-4.488,-179.99
3.9,17.3365,0.0,0.0,-8.676,-4.0061,-4.4908,-0.08,8.6605,-3.9784,-4.4882,179.99
4.0,17.2733,0.0,0.0,-8.6443,-4.0059,-4.4908,-0.07,8.629,-3.9777,-4.4891,179.98
4.1,17.2104,0.0,0.0,-8.6127,-4.0059,-4.4911,-0.08,8.5977,-3.9768,-4.4901,179.98
4.2,17.148,0.0,0.0,-8.5814,-4.0061,-4.492,-0.08,8.5665,-3.976,-4.4913,179.98
4.3,17.0859,0.0,0.0,-8.5503,-4.0062,-4.4934,-0.09,8.5356,-3.9751,-4.4924,179.98
4.4,17.0237,0.0,0.0,-8.519,-4.0065,-4.4946,-0.08,8.5046,-3.9745,-4.4933,179.98
4.5,16.9616,0.0,0.0,-8.4878,-4.0067,-4.4958,-0.07,8.4737,-3.9738,-4.4944,179.99
4.6,16.8998,0.0,0.0,-8.4569,-4.0066,-4.4972,-0.06,8.4429,-3.9733,-4.4956,179.99
4.7,16.8382,0.0,0.0,-8.4261,-4.0067,-4.4985,-0.06,8.4121,-3.9732,-4.4966,180.0
4.8,16.7764,0.0,0.0,-8.3952,-4.0072,-4.4994,-0.06,8.3812,-3.9732,-4.4972,-179.99
4.9,16.7145,0.0,0.0,-8.3642,-4.0078,-4.5003,-0.07,8.3503,-3.9732,-4.4975,-179.99
5.0,16.6528,0.0,0.0,-8.3332,-4.0086,-4.5009,-0.08,8.3195,-3.9734,-4.498,180.0
5.1,16.5906,0.0,0.0,-8.3021,-4.0093,-4.5011,-0.08,8.2885,-3.9736,-4.4983,179.98
5.2,16.5286,0.0,0.0,-8.2708,-4.0099,-4.501,-0.09,8.2577,-3.9736,-4.4981,179.98
5.3,16.4671,0.0,0.0,-8.2398,-4.0099,-4.5006,-0.11,8.2273,-3.9736,-4.4977,179.97
5.4,16.4059,0.0,0.0,-8.209,-4.01,-4.5003,-0.11,8.1969,-3.9737,-4.497,179.98
5.5,16.3449,0.0,0.0,-8.1782,-4.0099,-4.5002,-0.12,8.1667,-3.9741,-4.4961,179.99
5.6,16.284,0.0,0.0,-8.1473,-4.0095,-4.5004,-0.12,8.1367,-3.9743,-4.4953,179.99
5.7,16.2236,0.0,0.0,-8.1167,-4.0088,-4.5007,-0.14,8.1069,-3.9743,-4.4948,179.98
5.8,16.1637,0.0,0.0,-8.0865,-4.0077,-4.5009,-0.14,8.0772,-3.9743,-4.4943,179.98
5.9,16.1034,0.0,0.0,-8.0563,-4.0065,-4.5008,-0.14,8.047,-3.9745,-4.4938,179.97
6.0,16.0427,0.0,0.0,-8.0261,-4.0056,-4.5005,-0.12,8.0166,-3.9742,-4.4938,179.96
6.1,15.9824,0.0,0.0,-7.996,-4.0052,-4.5002,-0.11,7.9864,-3.9735,-4.4938,179.95
6.2,15.9227,0.0,0.0,-7.9662,-4.005,-4.5,-0.1,7.9564,-3.9725,-4.494,179.94
6.3,15.8628,0.0,0.0,-7.9364,-4.0047,-4.4997,-0.11,7.9264,-3.9716,-4.4943,179.92
6.4,15.8027,0.0,0.0,-7.9064,-4.0046,-4.4987,-0.12,7.8963,-3.9712,-4.4948,179.91
6.5,15.7428,0.0,0.0,-7.8766,-4.0045,-4.4978,-0.12,7.8662,-3.9713,-4.4953,179.91
6.6,15.6828,0.0,0.0,-7.8466,-4.0046,-4.4974,-0.12,7.8362,-3.9714,-4.4955,179.92
6.7,15.6222,0.0,0.0,-7.8161,-4.0048,-4.4974,-0.11,7.8061,-3.9716,-4.4954,179.92
6.8,15.5614,0.0,0.0,-7.7854,-4.0052,-4.4981,-0.1,7.7759,-3.9722,-4.4953,179.92
6.9,15.5004,0.0,0.0,-7.7548,-4.0057,-4.4988,-0.08,7.7456,-3.9727,-4.4951,179.92
7.0,15.4402,0.0,0.0,-7.7244,-4.0058,-4.4991,-0.07,7.7157,-3.9731,-4.4948,179.92
7.1,15.3804,0.0,0.0,-7.6944,-4.0061,-4.4993,-0.05,7.686,-3.9735,-4.4947,179.92
7.2,15.3211,0.0,0.0,-7.6647,-4.0063,-4.4995,-0.03,7.6564,-3.9737,-4.4945,179.92
7.3,15.2624,0.0,0.0,-7.6353,-4.0065,-4.4998,-0.03,7.6271,-3.9734,-4.4941,179.94
7.4,15.2037,0.0,0.0,-7.6058,-4.0069,-4.5001,-0.02,7.5978,-3.973,-4.4937,179.95
7.5,15.1447,0.0,0.0,-7.5763,-4.0073,-4.5002,-0.01,7.5683,-3.9726,-4.4931,179.96
7.6,15.0855,0.0,0.0,-7.547,-4.0074,-4.5004,-0.01,7.5384,-3.9728,-4.4926,179.98
7.7,15.026,0.0,0.0,-7.5175,-4.0072,-4.5005,-0.01,7.5085,-3.9735,-4.4921,179.99
7.8,14.9665,0.0,0.0,-7.4879,-4.0068,-4.5003,-0.01,7.4785,-3.9742,-4.4916,179.99
7.9,14.9069,0.0,0.0,-7.4585,-4.0065,-4.5,-0.01,7.4484,-3.9751,-4.4908,179.98
8.0,14.847,0.0,0.0,-7.4288,-4.006,-4.4998,0.0,7.4181,-3.9758,-4.4902,179.97
8.1,14.7867,0.0,0.0,-7.3989,-4.0057,-4.4998,0.02,7.3878,-3.9764,-4.4899,179.97
8.2,14.7267,0.0,0.0,-7.3692,-4.0053,-4.5002,0.03,7.3575,-3.977,-4.4899,179.96
8.3,14.6667,0.0,0.0,-7.3395,-4.0051,-4.501,0.04,7.3272,-3.9774,-4.4899,179.95
8.4,14.6065,0.0,0.0,-7.3094,-4.0046,-4.5019,0.05,7.2971,-3.9778,-4.4901,179.95
8.5,14.5461,0.0,0.0,-7.2792,-4.004,-4.5024,0.06,7.2669,-3.9784,-4.4906,179.96
8.6,14.4859,0.0,0.0,-7.2491,-4.0036,-4.5025,0.06,7.2368,-3.979,-4.4911,179.97
8.7,14.426,0.0,0.0,-7.2189,-4.0034,-4.5025,0.06,7.2071,-3.9794,-4.4916,179.97
8.8,14.3662,0.0,0.0,-7.1888,-4.0033,-4.5024,0.06,7.1774,-3.9796,-4.4919,179.97
8.9,14.3064,0.0,0.0,-7.1589,-4.0032,-4.5025,0.06,7.1475,-3.9797,-4.492,179.95
9.0,14.2466,0.0,0.0,-7.1289,-4.0031,-4.5027,0.06,7.1177,-3.9797,-4.492,179.94
9.1,14.1869,0.0,0.0,-7.0989,-4.0026,-4.5024,0.06,7.088,-3.9797,-4.4917,179.95
9.2,14.127,0.0,0.0,-7.0687,-4.0015,-4.5019,0.05,7.0582,-3.9796,-4.4918,179.95
9.3,14.0669,0.0,0.0,-7.0387,-4.0006,-4.5012,0.05,7.0281,-3.9796,-4.4922,179.95
9.4,14.007,0.0,0.0,-7.0088,-3.9999,-4.5006,0.04,6.9982,-3.9794,-4.4924,179.94
9.5,13.9476,0.0,0.0,-6.9792,-3.9993,-4.5,0.04,6.9684,-3.9789,-4.4925,179.94
9.6,13.8883,0.0,0.0,-6.9498,-3.999,-4.4995,0.04,6.9384,-3.9783,-4.4928,179.94
9.7,13.8288,0.0,0.0,-6.9204,-3.9989,-4.499,0.05,6.9084,-3.9777,-4.4928,179.95
9.8,13.7691,0.0,0.0,-6.8907,-3.9989,-4.4982,0.05,6.8784,-3.9769,-4.4929,179.96
9.9,13.7099,0.0,0.0,-6.861,-3.9988,-4.4973,0.04,6.8489,-3.976,-4.4931,179.98
10.0,13.6507,0.0,0.0,-6.8314,-3.9987,-4.4967,0.03,6.8193,-3.9748,-4.4932,180.0
10.1,13.5914,0.0,0.0,-6.8019,-3.9988,-4.4964,0.02,6.7894,-3.9737,-4.4934,-179.99
10.2,13.5322,0.0,0.0,-6.7727,-3.9993,-4.4962,0.01,6.7595,-3.9726,-4.4939,-179.98
10.3,13.4732,0.0,0.0,-6.7435,-4.0003,-4.4962,0.02,6.7296,-3.9718,-4.4947,-179.98
10.4,13.414,0.0,0.0,-6.7142,-4.0013,-4.4962,0.02,6.6998,-3.9717,-4.4954,-179.98
10.5,13.3553,0.0,0.0,-6.6848,-4.002,-4.4959,0.02,6.6705,-3.9719,-4.4957,-179.98
10.6,13.2967,0.0,0.0,-6.6553,-4.0028,-4.4956,0.02,6.6414,-3.972,-4.4959,-179.98
10.7,13.2377,0.0,0.0,-6.6256,-4.0035,-4.4953,0.02,6.612,-3.9721,-4.4959,-179.98
10.8,13.1786,0.0,0.0,-6.5958,-4.0039,-4.4953,0.02,6.5828,-3.9726,-4.4957,-179.99
10.9,13.1195,0.0,0.0,-6.5662,-4.0041,-4.4957,0.03,6.5534,-3.9734,-4.4952,-180.0
11.0,13.0607,0.0,0.0,-6.5365,-4.004,-4.4959,0.03,6.5241,-3.9741,-4.495,180.0
11.1,13.0016,0.0,0.0,-6.5068,-4.0038,-4.4957,0.04,6.4948,-3.9746,-4.4948,179.98
11.2,12.9427,0.0,0.0,-6.4771,-4.0031,-4.4955,0.03,6.4656,-3.9752,-4.4946,179.95
11.3,12.8836,0.0,0.0,-6.4472,-4.0024,-4.4953,0.02,6.4365,-3.9761,-4.4943,179.94
11.4,12.8243,0.0,0.0,-6.4171,-4.002,-4.4951,0.02,6.4072,-3.9769,-4.4942,179.94
11.5,12.7648,0.0,0.0,-6.3871,-4.002,-4.4951,0.02,6.3777,-3.9778,-4.4942,179.93
11.6,12.7053,0.0,0.0,-6.3571,-4.0022,-4.4952,0.02,6.3482,-3.9791,-4.4946,179.94
11.7,12.6455,0.0,0.0,-6.3271,-4.0027,-4.4956,0.02,6.3184,-3.9804,-4.4949,179.95
11.8,12.5854,0.0,0.0,-6.2969,-4.0035,-4.496,0.03,6.2885,-3.9819,-4.495,179.96
11.9,12.5253,0.0,0.0,-6.2667,-4.0043,-4.4963,0.03,6.2586,-3.9834,-4.4949,179.96
12.0,12.4655,0.0,0.0,-6.2365,-4.0051,-4.4965,0.03,6.2289,-3.9849,-4.4948,179.97
12.1,12.4056,0.0,0.0,-6.2064,-4.0062,-4.4965,0.04,6.1992,-3.9863,-4.4947,179.97
12.2,12.3451,0.0,0.0,-6.176,-4.0075,-4.4965,0.05,6.1691,-3.9872,-4.4944,179.97
12.3,12.2842,0.0,0.0,-6.1453,-4.0085,-4.4966,0.06,6.1389,-3.9875,-4.4943,179.99
12.4,12.2238,0.0,0.0,-6.1148,-4.0096,-4.4966,0.06,6.109,-3.9874,-4.4941,179.99
12.5,12.1639,0.0,0.0,-6.0846,-4.0107,-4.4965,0.06,6.0792,-3.9871,-4.4935,179.99
12.6,12.1042,0.0,0.0,-6.0547,-4.012,-4.4962,0.07,6.0495,-3.9863,-4.493,179.99
12.7,12.0448,0.0,0.0,-6.0249,-4.0134,-4.4958,0.07,6.0198,-3.9855,-4.4928,179.98
12.8,11.9856,0.0,0.0,-5.9949,-4.0145,-4.4954,0.08,5.9906,-3.9847,-4.4931,179.98
12.9,11.9266,0.0,0.0,-5.9648,-4.0159,-4.4952,0.08,5.9617,-3.9841,-4.4935,179.96
13.0,11.8672,0.0,0.0,-5.9344,-4.0175,-4.4951,0.08,5.9327,-3.9834,-4.4938,179.95
13.1,11.8077,0.0,0.0,-5.904,-4.0189,-4.495,0.06,5.9036,-3.983,-4.4939,179.92
13.2,11.7483,0.0,0.0,-5.8737,-4.0196,-4.4949,0.04,5.8746,-3.9828,-4.4937,179.91
13.3,11.6893,0.0,0.0,-5.8435,-4.0198,-4.4944,0.01,5.8457,-3.9827,-4.4937,179.9
13.4,11.6304,0.0,0.0,-5.8136,-4.0197,-4.4936,-0.0,5.8167,-3.9825,-4.494,179.9
13.5,11.5711,0.0,0.0,-5.7836,-4.0189,-4.4929,-0.02,5.7875,-3.9826,-4.4943,179.89
13.6,11.5117,0.0,0.0,-5.7534,-4.018,-4.4918,-0.04,5.7583,-3.9829,-4.4943,179.89
13.7,11.4523,0.0,0.0,-5.7233,-4.017,-4.4906,-0.06,5.7289,-3.9834,-4.4943,179.91
13.8,11.3929,0.0,0.0,-5.6935,-4.0161,-4.4892,-0.08,5.6993,-3.9837,-4.4943,179.91
13.9,11.3334,0.0,0.0,-5.6637,-4.0153,-4.4881,-0.09,5.6697,-3.9837,-4.4948,179.92
14.0,11.2736,0.0,0.0,-5.6337,-4.0148,-4.4875,-0.1,5.6399,-3.9833,-4.4953,179.92
14.1,11.2134,0.0,0.0,-5.6034,-4.0147,-4.4872,-0.1,5.6099,-3.983,-4.4955,179.93
14.2,11.1532,0.0,0.0,-5.5732,-4.0146,-4.4872,-0.09,5.58,-3.983,-4.4954,179.93
14.3,11.0931,0.0,0.0,-5.5431,-4.0145,-4.4873,-0.08,5.55,-3.9829,-4.4951,179.93
14.4,11.033,0.0,0.0,-5.5127,-4.0144,-4.4873,-0.08,5.5202,-3.9828,-4.495,179.94
14.5,10.9725,0.0,0.0,-5.4821,-4.0143,-4.4875,-0.07,5.4903,-3.9824,-4.4951,179.94
14.6,10.9121,0.0,0.0,-5.4515,-4.0142,-4.4878,-0.06,5.4605,-3.9818,-4.4951,179.94
14.7,10.8514,0.0,0.0,-5.421,-4.0139,-4.4883,-0.05,5.4303,-3.9814,-4.4953,179.93
14.8,10.791,0.0,0.0,-5.3908,-4.0136,-4.4886,-0.03,5.4002,-3.9811,-4.4957,179.94
14.9,10.7312,0.0,0.0,-5.3609,-4.0135,-4.489,-0.01,5.3702,-3.9809,-4.4962,179.94
15.0,10.6715,0.0,0.0,-5.3312,-4.0134,-4.4894,-0.01,5.3403,-3.9803,-4.4967,179.94
15.1,10.6118,0.0,0.0,-5.3012,-4.0136,-4.4899,-0.02,5.3105,-3.9799,-4.4972,179.94
15.2,10.5525,0.0,0.0,-5.2714,-4.014,-4.4907,-0.04,5.281,-3.9794,-4.4977,179.94
15.3,10.4933,0.0,0.0,-5.2416,-4.0145,-4.4916,-0.05,5.2516,-3.9785,-4.4981,179.94
15.4,10.4342,0.0,0.0,-5.2118,-4.015,-4.4922,-0.04,5.2223,-3.9776,-4.4983,179.93
15.5,10.3747,0.0,0.0,-5.1818,-4.0154,-4.4928,-0.04,5.1928,-3.9768,-4.4982,179.92
15.6,10.3147,0.0,0.0,-5.1516,-4.0158,-4.4933,-0.02,5.163,-3.976,-4.4977,179.91
15.7,10.2551,0.0,0.0,-5.1217,-4.0161,-4.4939,-0.01,5.1333,-3.9753,-4.4971,179.91
15.8,10.196,0.0,0.0,-5.0923,-4.0166,-4.4945,-0.0,5.1036,-3.975,-4.4967,179.9
15.9,10.137,0.0,0.0,-5.0631,-4.0171,-4.4953,-0.0,5.0739,-3.9746,-4.4965,179.9
16.0,10.078,0.0,0.0,-5.034,-4.0173,-4.4957,-0.0,5.044,-3.9739,-4.4967,179.89
16.1,10.0189,0.0,0.0,-5.0047,-4.0175,-4.4957,0.01,5.0141,-3.9728,-4.497,179.88
16.2,9.9594,0.0,0.0,-4.9751,-4.0177,-4.4957,0.02,4.9842,-3.9719,-4.4973,179.87
16.3,9.9001,0.0,0.0,-4.9457,-4.0178,-4.4959,0.03,4.9542,-3.9712,-4.4976,179.85
16.4,9.8407,0.0,0.0,-4.9163,-4.0178,-4.4959,0.04,4.9243,-3.9709,-4.4978,179.84
16.5,9.7815,0.0,0.0,-4.8869,-4.0182,-4.4958,0.04,4.8945,-3.9709,-4.4981,179.84
16.6,9.7227,0.0,0.0,-4.8576,-4.0184,-4.4957,0.03,4.865,-3.9708,-4.4981,179.84
16.7,9.664,0.0,0.0,-4.8284,-4.0182,-4.4961,0.02,4.8355,-3.9708,-4.4979,179.84
16.8,9.6051,0.0,0.0,-4.799,-4.0178,-4.4967,0.02,4.806,-3.9705,-4.4976,179.84
16.9,9.5459,0.0,0.0,-4.7694,-4.0178,-4.497,0.02,4.7763,-3.9696,-4.4973,179.84
17.0,9.4862,0.0,0.0,-4.7396,-4.0182,-4.497,0.03,4.7464,-3.9687,-4.4975,179.83
17.1,9.4264,0.0,0.0,-4.7097,-4.0185,-4.4969,0.03,4.7166,-3.9677,-4.4979,179.83
17.2,9.3668,0.0,0.0,-4.6797,-4.0185,-4.4968,0.03,4.6869,-3.9666,-4.4981,179.83
17.3,9.3071,0.0,0.0,-4.6497,-4.0186,-4.4969,0.03,4.6573,-3.9657,-4.4981,179.84
17.4,9.2474,0.0,0.0,-4.6197,-4.0184,-4.4966,0.04,4.6275,-3.9649,-4.4978,179.83
17.5,9.188,0.0,0.0,-4.59,-4.018,-4.4962,0.06,4.5979,-3.9642,-4.4975,179.82
17.6,9.1287,0.0,0.0,-4.5599,-4.0179,-4.4962,0.07,4.5686,-3.9635,-4.4971,179.81
17.7,9.069,0.0,0.0,-4.5296,-4.0179,-4.4961,0.08,4.5392,-3.9631,-4.4966,179.81
17.8,9.0089,0.0,0.0,-4.4988,-4.0182,-4.4959,0.08,4.5099,-3.9627,-4.4961,179.81
17.9,8.9485,0.0,0.0,-4.4679,-4.0188,-4.4955,0.08,4.4805,-3.9622,-4.4955,179.81
18.0,8.8881,0.0,0.0,-4.4369,-4.0197,-4.4945,0.07,4.451,-3.9616,-4.4952,179.81
18.1,8.8277,0.0,0.0,-4.406,-4.021,-4.4936,0.07,4.4215,-3.9608,-4.4949,179.82
18.2,8.7674,0.0,0.0,-4.3753,-4.0224,-4.4928,0.06,4.3919,-3.9605,-4.4945,179.83
18.3,8.707,0.0,0.0,-4.3446,-4.0237,-4.492,0.05,4.3622,-3.9603,-4.4941,179.84
18.4,8.6464,0.0,0.0,-4.3138,-4.0246,-4.4917,0.04,4.3324,-3.9602,-4.494,179.86
18.5,8.5856,0.0,0.0,-4.2829,-4.0249,-4.4918,0.02,4.3025,-3.96,-4.4939,179.87
18.6,8.5252,0.0,0.0,-4.2523,-4.025,-4.4921,0.01,4.2727,-3.9597,-4.4939,179.89
18.7,8.4653,0.0,0.0,-4.2219,-4.0253,-4.4921,-0.01,4.2431,-3.9593,-4.4937,179.9
18.8,8.4056,0.0,0.0,-4.1917,-4.0257,-4.4919,-0.03,4.2137,-3.959,-4.4935,179.92
18.9,8.346,0.0,0.0,-4.1615,-4.026,-4.4919,-0.04,4.1842,-3.9588,-4.4932,179.92
19.0,8.2863,0.0,0.0,-4.1314,-4.0262,-4.4922,-0.04,4.1546,-3.9586,-4.4928,179.93
19.1,8.2268,0.0,0.0,-4.1015,-4.0265,-4.4927,-0.04,4.125,-3.9584,-4.4928,179.93
19.2,8.1677,0.0,0.0,-4.0718,-4.0266,-4.4931,-0.04,4.0957,-3.9579,-4.4931,179.94
19.3,8.1084,0.0,0.0,-4.0418,-4.0264,-4.4935,-0.02,4.0664,-3.9574,-4.4933,179.94
19.4,8.0488,0.0,0.0,-4.0116,-4.0264,-4.4939,-0.0,4.037,-3.9571,-4.4935,179.96
19.5,7.989,0.0,0.0,-3.9811,-4.0271,-4.494,0.01,4.0075,-3.9575,-4.4939,179.98
19.6,7.9293,0.0,0.0,-3.9508,-4.0279,-4.4939,0.02,3.9782,-3.9583,-4.4946,179.99
19.7,7.8698,0.0,0.0,-3.9206,-4.0285,-4.4935,0.03,3.9488,-3.9592,-4.4953,180.0
19.8,7.81,0.0,0.0,-3.8905,-4.0289,-4.4933,0.03,3.9192,-3.9603,-4.4962,-179.99
19.9,7.75,0.0,0.0,-3.8604,-4.0293,-4.4932,0.02,3.8892,-3.9615,-4.4969,-179.98
20.0,7.69,0.0,0.0,-3.8306,-4.0295,-4.4934,-0.0,3.8591,-3.9623,-4.4976,-179.98
20.1,7.6299,0.0,0.0,-3.8007,-4.0296,-4.4939,-0.04,3.8289,-3.9629,-4.4982,-179.97
20.2,7.5702,0.0,0.0,-3.7707,-4.0294,-4.4945,-0.07,3.7991,-3.9632,-4.4985,-179.97
20.3,7.5105,0.0,0.0,-3.7406,-4.029,-4.4949,-0.1,3.7697,-3.9631,-4.4989,-179.97
20.4,7.451,0.0,0.0,-3.7104,-4.0286,-4.495,-0.12,3.7403,-3.9628,-4.4992,-179.96
20.5,7.3916,0.0,0.0,-3.6803,-4.0281,-4.4952,-0.14,3.711,-3.963,-4.4993,-179.96
20.6,7.3319,0.0,0.0,-3.6502,-4.0275,-4.4952,-0.14,3.6814,-3.9629,-4.4997,-179.96
20.7,7.2718,0.0,0.0,-3.62,-4.0268,-4.4951,-0.14,3.6515,-3.9623,-4.5002,-179.96
20.8,7.2118,0.0,0.0,-3.5898,-4.026,-4.495,-0.14,3.6217,-3.9617,-4.5006,-179.96
20.9,7.1517,0.0,0.0,-3.5597,-4.0251,-4.4953,-0.12,3.5917,-3.9611,-4.5005,-179.97
21.0,7.0911,0.0,0.0,-3.5296,-4.024,-4.4954,-0.11,3.5612,-3.9607,-4.5003,-179.97
21.1,7.0306,0.0,0.0,-3.5,-4.0228,-4.4955,-0.1,3.5303,-3.9609,-4.5002,-179.97
21.2,6.9701,0.0,0.0,-3.4706,-4.0215,-4.4956,-0.09,3.4992,-3.9611,-4.5002,-179.97
21.3,6.9092,0.0,0.0,-3.4409,-4.02,-4.4959,-0.09,3.4681,-3.9611,-4.5001,-179.97
21.4,6.8483,0.0,0.0,-3.411,-4.0185,-4.4961,-0.08,3.4371,-3.961,-4.4998,-179.98
21.5,6.7876,0.0,0.0,-3.3809,-4.0172,-4.4963,-0.07,3.4064,-3.961,-4.4992,-179.98
21.6,6.7276,0.0,0.0,-3.3512,-4.0158,-4.4968,-0.07,3.3761,-3.961,-4.4984,-179.98
21.7,6.668,0.0,0.0,-3.3216,-4.0142,-4.4973,-0.07,3.3462,-3.9611,-4.4976,-179.98
21.8,6.6079,0.0,0.0,-3.2916,-4.0127,-4.4976,-0.07,3.316,-3.9616,-4.4974,-179.98
21.9,6.5472,0.0,0.0,-3.2616,-4.0117,-4.4974,-0.07,3.2854,-3.962,-4.4975,-179.98
22.0,6.4861,0.0,0.0,-3.2313,-4.011,-4.4971,-0.07,3.2546,-3.9624,-4.4981,-179.98
22.1,6.4247,0.0,0.0,-3.2009,-4.0105,-4.4967,-0.06,3.2236,-3.9632,-4.4988,-179.97
22.2,6.3638,0.0,0.0,-3.1707,-4.0103,-4.4961,-0.06,3.1929,-3.964,-4.4993,-179.96
22.3,6.3032,0.0,0.0,-3.1407,-4.0103,-4.4952,-0.05,3.1624,-3.9649,-4.4993,-179.95
22.4,6.2424,0.0,0.0,-3.1104,-4.0101,-4.4942,-0.03,3.1319,-3.9657,-4.4991,-179.96
22.5,6.1812,0.0,0.0,-3.0798,-4.0097,-4.4935,-0.01,3.1012,-3.9665,-4.4989,-179.96
22.6,6.1196,0.0,0.0,-3.0492,-4.0097,-4.4927,-0.0,3.0703,-3.967,-4.4987,-179.96
22.7,6.0578,0.0,0.0,-3.0184,-4.0096,-4.4915,0.0,3.0393,-3.9674,-4.4985,-179.97
22.8,5.9959,0.0,0.0,-2.9874,-4.0092,-4.4903,0.0,3.0084,-3.9679,-4.4984,-179.97
22.9,5.9345,0.0,0.0,-2.9567,-4.0087,-4.4895,-0.0,2.9777,-3.9683,-4.4984,-179.97
23.0,5.8735,0.0,0.0,-2.9263,-4.0089,-4.4889,-0.01,2.947,-3.9684,-4.4981,-179.97
23.1,5.8125,0.0,0.0,-2.8959,-4.0094,-4.4884,-0.02,2.9164,-3.9681,-4.4977,-179.97
23.2,5.7512,0.0,0.0,-2.8652,-4.0101,-4.4882,-0.03,2.8859,-3.9677,-4.4975,-179.97
23.3,5.6902,0.0,0.0,-2.8345,-4.0112,-4.4884,-0.03,2.8556,-3.9674,-4.4974,-179.96
23.4,5.6293,0.0,0.0,-2.8039,-4.0123,-4.4884,-0.05,2.8251,-3.9672,-4.4975,-179.96
23.5,5.568,0.0,0.0,-2.7733,-4.0135,-4.4885,-0.06,2.7945,-3.9665,-4.4978,-179.95
23.6,5.5063,0.0,0.0,-2.7423,-4.0144,-4.4884,-0.07,2.7638,-3.9658,-4.4982,-179.94
23.7,5.4445,0.0,0.0,-2.711,-4.0154,-4.4879,-0.07,2.7333,-3.9652,-4.4985,-179.92
23.8,5.3831,0.0,0.0,-2.6798,-4.0166,-4.4876,-0.07,2.7031,-3.9645,-4.4986,-179.92
23.9,5.3222,0.0,0.0,-2.6488,-4.0175,-4.4875,-0.07,2.6731,-3.9638,-4.4989,-179.93
24.0,5.2621,0.0,0.0,-2.6186,-4.0182,-4.4875,-0.07,2.6432,-3.963,-4.4991,-179.94
24.1,5.2017,0.0,0.0,-2.5884,-4.0188,-4.4877,-0.05,2.613,-3.9617,-4.4991,-179.95
24.2,5.141,0.0,0.0,-2.5581,-4.0196,-4.4878,-0.04,2.5826,-3.9604,-4.499,-179.97
24.3,5.0802,0.0,0.0,-2.5276,-4.0205,-4.4878,-0.03,2.5522,-3.9596,-4.4989,-179.99
24.4,5.0192,0.0,0.0,-2.4969,-4.0215,-4.4875,-0.03,2.5219,-3.9588,-4.4987,180.0
24.5,4.9581,0.0,0.0,-2.4662,-4.0223,-4.4872,-0.02,2.4914,-3.958,-4.4984,179.99
24.6,4.8971,0.0,0.0,-2.4357,-4.023,-4.4868,0.0,2.4609,-3.9573,-4.4981,179.99
24.7,4.8364,0.0,0.0,-2.4055,-4.0236,-4.4865,0.02,2.4304,-3.9564,-4.4977,179.99
24.8,4.7757,0.0,0.0,-2.3752,-4.0238,-4.4865,0.03,2.4,-3.9554,-4.4978,179.97
24.9,4.7153,0.0,0.0,-2.3451,-4.0234,-4.4867,0.04,2.3697,-3.9544,-4.4977,179.97
25.0,4.6546,0.0,0.0,-2.3149,-4.0228,-4.4872,0.04,2.3392,-3.9532,-4.4975,179.96
25.1,4.5935,0.0,0.0,-2.2846,-4.0219,-4.4877,0.04,2.3084,-3.9521,-4.4975,179.96
25.2,4.5324,0.0,0.0,-2.2544,-4.0209,-4.4882,0.03,2.2775,-3.9513,-4.4975,179.95
25.3,4.4713,0.0,0.0,-2.2241,-4.0202,-4.4885,0.03,2.2466,-3.9509,-4.4975,179.94
25.4,4.4101,0.0,0.0,-2.1937,-4.0196,-4.489,0.03,2.2158,-3.9505,-4.4973,179.93
25.5,4.349,0.0,0.0,-2.1635,-4.0195,-4.4896,0.02,2.185,-3.9497,-4.4973,179.92
25.6,4.288,0.0,0.0,-2.1334,-4.0195,-4.4902,0.01,2.154,-3.9489,-4.4973,179.92
25.7,4.2271,0.0,0.0,-2.1036,-4.0195,-4.4908,-0.01,2.1228,-3.9483,-4.4973,179.91
25.8,4.1667,0.0,0.0,-2.0743,-4.019,-4.4915,-0.01,2.0918,-3.948,-4.4975,179.91
25.9,4.1065,0.0,0.0,-2.0447,-4.0187,-4.492,-0.01,2.0611,-3.9483,-4.4977,179.9
26.0,4.0464,0.0,0.0,-2.0152,-4.0185,-4.4924,-0.01,2.0306,-3.9492,-4.498,179.9
26.1,3.9864,0.0,0.0,-1.9856,-4.0184,-4.4923,-0.02,2.0002,-3.9504,-4.4981,179.91
26.2,3.9261,0.0,0.0,-1.9559,-4.0184,-4.4924,-0.02,1.9696,-3.9518,-4.4981,179.92
26.3,3.8655,0.0,0.0,-1.926,-4.0186,-4.4928,-0.02,1.939,-3.9535,-4.4981,179.92
26.4,3.8045,0.0,0.0,-1.8956,-4.0191,-4.4933,-0.01,1.9083,-3.9547,-4.4984,179.91
26.5,3.743,0.0,0.0,-1.8649,-4.0199,-4.4935,-0.01,1.8775,-3.9554,-4.4986,179.9
26.6,3.6816,0.0,0.0,-1.8343,-4.0208,-4.4935,-0.0,1.8468,-3.956,-4.4991,179.89
26.7,3.6207,0.0,0.0,-1.8039,-4.0214,-4.4938,0.02,1.8162,-3.9569,-4.4993,179.9
26.8,3.5598,0.0,0.0,-1.7735,-4.022,-4.4943,0.04,1.7857,-3.9578,-4.4993,179.91
26.9,3.4989,0.0,0.0,-1.7428,-4.0228,-4.4953,0.04,1.7555,-3.9586,-4.4996,179.92
27.0,3.4379,0.0,0.0,-1.7119,-4.0233,-4.4964,0.05,1.7254,-3.9589,-4.4996,179.93
27.1,3.3769,0.0,0.0,-1.6808,-4.0232,-4.4972,0.06,1.6955,-3.9586,-4.4991,179.94
27.2,3.316,0.0,0.0,-1.6499,-4.023,-4.4977,0.07,1.6654,-3.9579,-4.4987,179.95
27.3,3.2548,0.0,0.0,-1.6192,-4.0227,-4.498,0.07,1.635,-3.9573,-4.4983,179.95
27.4,3.1939,0.0,0.0,-1.589,-4.0229,-4.4981,0.08,1.6042,-3.9567,-4.4975,179.96
27.5,3.1335,0.0,0.0,-1.5592,-4.0233,-4.498,0.09,1.5736,-3.9565,-4.4971,179.98
27.6,3.0734,0.0,0.0,-1.5296,-4.0239,-4.4981,0.1,1.5431,-3.9567,-4.4967,179.99
27.7,3.0133,0.0,0.0,-1.4999,-4.0242,-4.4983,0.11,1.5127,-3.9568,-4.4962,-179.99
27.8,2.9529,0.0,0.0,-1.4701,-4.0244,-4.4987,0.13,1.482,-3.9569,-4.4956,-179.98
27.9,2.8924,0.0,0.0,-1.4401,-4.0246,-4.4994,0.14,1.4515,-3.957,-4.495,-179.98
28.0,2.8315,0.0,0.0,-1.4098,-4.0247,-4.4997,0.15,1.4209,-3.9576,-4.4948,-179.97
28.1,2.7708,0.0,0.0,-1.3798,-4.0247,-4.5001,0.15,1.3902,-3.9587,-4.495,-179.97
28.2,2.7102,0.0,0.0,-1.3499,-4.0245,-4.5006,0.14,1.3595,-3.9598,-4.4951,-179.98
28.3,2.6498,0.0,0.0,-1.32,-4.0245,-4.5013,0.14,1.3291,-3.9601,-4.4953,-179.98
28.4,2.5896,0.0,0.0,-1.29,-4.0245,-4.502,0.14,1.2988,-3.96,-4.4955,-179.98
28.5,2.5293,0.0,0.0,-1.2599,-4.0246,-4.5028,0.14,1.2686,-3.9597,-4.4953,-179.98
28.6,2.4693,0.0,0.0,-1.2299,-4.0246,-4.5035,0.13,1.2385,-3.959,-4.4948,-179.99
28.7,2.4097,0.0,0.0,-1.2001,-4.0245,-4.5039,0.12,1.2086,-3.9582,-4.4946,179.99
28.8,2.3502,0.0,0.0,-1.1705,-4.0244,-4.5041,0.11,1.1788,-3.9575,-4.4945,179.97
28.9,2.2909,0.0,0.0,-1.1409,-4.0244,-4.5042,0.11,1.149,-3.9568,-4.4946,179.94
29.0,2.2317,0.0,0.0,-1.1113,-4.0243,-4.5041,0.11,1.1193,-3.9563,-4.4946,179.93
29.1,2.1722,0.0,0.0,-1.0814,-4.0241,-4.504,0.11,1.0897,-3.956,-4.4945,179.91
29.2,2.1298,0.0,0.0,-1.0596,-4.0303,-4.5036,0.11,1.0686,-3.9495,-4.4944,179.9
29.3,2.1111,0.0,0.0,-1.0496,-4.0451,-4.5031,0.1,1.0585,-3.9339,-4.4936,179.89
29.4,2.1128,0.0,0.0,-1.0493,-4.0677,-4.5024,0.1,1.0576,-3.9107,-4.4923,179.88
29.5,2.1306,0.0,0.0,-1.0559,-4.0969,-4.5013,0.1,1.0638,-3.8815,-4.4908,179.87
29.6,2.1619,0.0,0.0,-1.0678,-4.1312,-4.5005,0.11,1.0754,-3.8481,-4.4893,179.85
29.7,2.2038,0.0,0.0,-1.0836,-4.1689,-4.4996,0.12,1.091,-3.8117,-4.4878,179.84
29.8,2.2536,0.0,0.0,-1.1018,-4.209,-4.4986,0.14,1.1091,-3.7726,-4.4864,179.85
29.9,2.3029,0.0,0.0,-1.118,-4.2505,-4.4978,0.15,1.1257,-3.7321,-4.4853,179.85
30.0,2.3477,0.0,0.0,-1.1305,-4.2924,-4.497,0.17,1.139,-3.6914,-4.4848,179.85
30.1,2.388,0.0,0.0,-1.1392,-4.3347,-4.4962,0.18,1.1487,-3.6506,-4.4843,179.85
30.2,2.4239,0.0,0.0,-1.1444,-4.3772,-4.4957,0.19,1.1548,-3.6102,-4.4837,179.86
30.3,2.4569,0.0,0.0,-1.147,-4.4194,-4.495,0.18,1.1585,-3.5704,-4.4831,179.87
30.4,2.4869,0.0,0.0,-1.1469,-4.4613,-4.4941,0.18,1.1593,-3.5307,-4.4827,179.87
30.5,2.5148,0.0,0.0,-1.1447,-4.5027,-4.4937,0.18,1.1576,-3.4909,-4.4825,179.88
30.6,2.5412,0.0,0.0,-1.1409,-4.5433,-4.4935,0.18,1.1538,-3.4515,-4.4828,179.89
30.7,2.5598,0.0,0.0,-1.1351,-4.5832,-4.4934,0.17,1.1458,-3.4213,-4.4831,179.9
30.8,2.5683,0.0,0.0,-1.1273,-4.6228,-4.4935,0.15,1.1332,-3.4037,-4.4836,179.91
30.9,2.5673,0.0,0.0,-1.1178,-4.6614,-4.4936,0.12,1.1169,-3.3975,-4.4844,179.93
31.0,2.5579,0.0,0.0,-1.1066,-4.6989,-4.4937,0.1,1.0974,-3.4007,-4.4853,179.94
31.1,2.536,0.0,0.0,-1.0928,-4.7267,-4.494,0.09,1.0753,-3.4112,-4.4864,179.96
31.2,2.5004,0.0,0.0,-1.0762,-4.7415,-4.4942,0.07,1.051,-3.4274,-4.4872,179.97
31.3,2.4522,0.0,0.0,-1.0566,-4.7449,-4.4944,0.06,1.0246,-3.448,-4.4878,179.99
31.4,2.3936,0.0,0.0,-1.0343,-4.7384,-4.4946,0.04,0.9966,-3.4716,-4.4886,179.99
31.5,2.3265,0.0,0.0,-1.0095,-4.7238,-4.4945,0.03,0.9673,-3.4971,-4.4897,-179.99
31.6,2.2535,0.0,0.0,-0.9828,-4.7032,-4.4944,0.02,0.9373,-3.5237,-4.491,-179.98
31.7,2.1875,0.0,0.0,-0.9601,-4.691,-4.4942,0.01,0.9066,-3.5505,-4.492,-179.98
31.8,2.1431,0.0,0.0,-0.9431,-4.6931,-4.4941,0.01,0.8799,-3.5665,-4.4927,-179.99
31.9,2.122,0.0,0.0,-0.9311,-4.7074,-4.4939,0.01,0.8586,-3.5673,-4.4931,-179.99
32.0,2.1202,0.0,0.0,-0.9232,-4.731,-4.4935,0.03,0.8416,-3.5558,-4.493,180.0
32.1,2.1345,0.0,0.0,-0.9183,-4.7619,-4.4928,0.05,0.8279,-3.5344,-4.4928,180.0
32.2,2.1616,0.0,0.0,-0.9148,-4.7989,-4.4917,0.06,0.8167,-3.5049,-4.4923,-179.99
32.3,2.1989,0.0,0.0,-0.9114,-4.8411,-4.4907,0.07,0.8068,-3.469,-4.4915,-179.97
32.4,2.2446,0.0,0.0,-0.908,-4.8873,-4.4895,0.08,0.7979,-3.4284,-4.4904,-179.95
32.5,2.2973,0.0,0.0,-0.9048,-4.936,-4.488,0.09,0.7894,-3.3845,-4.4895,-179.94
32.6,2.3548,0.0,0.0,-0.9002,-4.9871,-4.4867,0.09,0.7804,-3.3377,-4.4886,-179.93
32.7,2.4164,0.0,0.0,-0.8936,-5.0405,-4.4859,0.08,0.7709,-3.2888,-4.4879,-179.92
32.8,2.4744,0.0,0.0,-0.8822,-5.0937,-4.4856,0.09,0.7572,-3.2403,-4.4874,-179.91
32.9,2.5253,0.0,0.0,-0.8642,-5.1457,-4.4854,0.09,0.7376,-3.1934,-4.4873,-179.9
33.0,2.5697,0.0,0.0,-0.8404,-5.1959,-4.4851,0.09,0.7125,-3.1485,-4.4875,-179.9
33.1,2.6093,0.0,0.0,-0.8114,-5.2444,-4.4849,0.09,0.6821,-3.1049,-4.4879,-179.91
33.2,2.6461,0.0,0.0,-0.7781,-5.2915,-4.485,0.09,0.6477,-3.0624,-4.4882,-179.92
33.3,2.6741,0.0,0.0,-0.7406,-5.337,-4.4852,0.08,0.6124,-3.0305,-4.4889,-179.92
33.4,2.6842,0.0,0.0,-0.7028,-5.3714,-4.4859,0.07,0.5778,-3.0124,-4.4895,-179.92
33.5,2.6742,0.0,0.0,-0.6663,-5.3916,-4.4866,0.06,0.5436,-3.0068,-4.4901,-179.92
33.6,2.6456,0.0,0.0,-0.6307,-5.3991,-4.4871,0.04,0.5091,-3.0116,-4.4908,-179.92
33.7,2.6018,0.0,0.0,-0.5956,-5.3964,-4.4876,0.03,0.4744,-3.0248,-4.4914,-179.93
33.8,2.5459,0.0,0.0,-0.5613,-5.3854,-4.4881,0.04,0.4401,-3.0447,-4.4915,-179.93
33.9,2.4799,0.0,0.0,-0.5271,-5.3679,-4.4885,0.04,0.4056,-3.07,-4.4917,-179.93
34.0,2.406,0.0,0.0,-0.4927,-5.345,-4.4887,0.05,0.3713,-3.0996,-4.4921,-179.93
34.1,2.3266,0.0,0.0,-0.4583,-5.3182,-4.4888,0.06,0.3373,-3.1319,-4.4923,-179.93
34.2,2.254,0.0,0.0,-0.4222,-5.3003,-4.4889,0.07,0.3033,-3.1662,-4.4923,-179.92
34.3,2.2038,0.0,0.0,-0.383,-5.2963,-4.489,0.08,0.2673,-3.1907,-4.4922,-179.91
34.4,2.1776,0.0,0.0,-0.3405,-5.303,-4.4889,0.09,0.2279,-3.2009,-4.4923,-179.9
34.5,2.1716,0.0,0.0,-0.2951,-5.3178,-4.4886,0.1,0.1849,-3.1999,-4.4925,-179.9
34.6,2.1829,0.0,0.0,-0.2475,-5.3388,-4.488,0.1,0.1387,-3.1903,-4.4927,-179.89
34.7,2.2081,0.0,0.0,-0.198,-5.3639,-4.4872,0.1,0.0899,-3.1746,-4.4928,-179.88
34.8,2.2443,0.0,0.0,-0.1467,-5.3914,-4.4864,0.09,0.0385,-3.1547,-4.4926,-179.88
34.9,2.2888,0.0,0.0,-0.0936,-5.4199,-4.4857,0.1,-0.0151,-3.1324,-4.4925,-179.88
35.0,2.3397,0.0,0.0,-0.0387,-5.4483,-4.4849,0.11,-0.0708,-3.1089,-4.4923,-179.88
35.1,2.3951,0.0,0.0,0.0177,-5.4759,-4.484,0.13,-0.1279,-3.0853,-4.492,-179.88
35.2,2.4542,0.0,0.0,0.0753,-5.5022,-4.4831,0.14,-0.1864,-3.062,-4.4919,-179.87
35.3,2.51,0.0,0.0,0.1347,-5.5236,-4.4825,0.15,-0.2467,-3.0428,-4.4919,-179.86
35.4,2.5592,0.0,0.0,0.1957,-5.5387,-4.4823,0.16,-0.3086,-3.0297,-4.4919,-179.86
35.5,2.6034,0.0,0.0,0.2577,-5.5481,-4.4824,0.17,-0.3718,-3.022,-4.4917,-179.87
35.6,2.6433,0.0,0.0,0.3208,-5.5526,-4.4826,0.18,-0.4355,-3.0199,-4.4919,-179.89
35.7,2.6794,0.0,0.0,0.3843,-5.5525,-4.4829,0.18,-0.4992,-3.0229,-4.4922,-179.9
35.8,2.7131,0.0,0.0,0.4479,-5.548,-4.483,0.17,-0.5627,-3.0301,-4.4925,-179.9
35.9,2.7444,0.0,0.0,0.5113,-5.5388,-4.4832,0.15,-0.6261,-3.0412,-4.4929,-179.9
36.0,2.7696,0.0,0.0,0.5742,-5.5257,-4.4837,0.14,-0.6847,-3.0587,-4.4931,-179.88
36.1,2.7834,0.0,0.0,0.6323,-5.5067,-4.4842,0.13,-0.7366,-3.0832,-4.4929,-179.87
36.2,2.7864,0.0,0.0,0.6838,-5.4821,-4.4849,0.12,-0.7833,-3.1132,-4.4925,-179.86
36.3,2.781,0.0,0.0,0.7297,-5.4528,-4.4856,0.11,-0.8256,-3.1474,-4.4921,-179.85
36.4,2.7694,0.0,0.0,0.771,-5.4198,-4.4865,0.1,-0.8644,-3.1848,-4.492,-179.83
36.5,2.7545,0.0,0.0,0.809,-5.3841,-4.487,0.08,-0.9004,-3.2242,-4.4917,-179.81
36.6,2.7375,0.0,0.0,0.8446,-5.3463,-4.4869,0.06,-0.934,-3.2653,-4.4915,-179.81
36.7,2.7204,0.0,0.0,0.8786,-5.307,-4.4866,0.05,-0.9662,-3.3076,-4.4914,-179.82
36.8,2.7041,0.0,0.0,0.9109,-5.2667,-4.4864,0.03,-0.9972,-3.3506,-4.4914,-179.84
36.9,2.6899,0.0,0.0,0.9419,-5.2257,-4.4866,0.03,-1.0274,-3.3934,-4.4912,-179.87
37.0,2.6786,0.0,0.0,0.9717,-5.1842,-4.487,0.03,-1.0571,-3.4352,-4.4911,-179.88
37.1,2.6713,0.0,0.0,1.0009,-5.1423,-4.4874,0.04,-1.0863,-3.475,-4.4914,-179.89
37.2,2.6684,0.0,0.0,1.0296,-5.1001,-4.4876,0.05,-1.1155,-3.513,-4.492,-179.88
37.3,2.6698,0.0,0.0,1.0576,-5.0579,-4.488,0.06,-1.1448,-3.549,-4.4927,-179.87
37.4,2.6753,0.0,0.0,1.0854,-5.0156,-4.4882,0.07,-1.174,-3.5828,-4.493,-179.88
37.5,2.6853,0.0,0.0,1.1133,-4.9731,-4.4883,0.07,-1.2029,-3.6143,-4.4931,-179.88
37.6,2.6995,0.0,0.0,1.1412,-4.9309,-4.4887,0.07,-1.2316,-3.6435,-4.4932,-179.89
37.7,2.7179,0.0,0.0,1.1692,-4.889,-4.4893,0.06,-1.2603,-3.6706,-4.4932,-179.9
37.8,2.7399,0.0,0.0,1.1973,-4.8473,-4.4897,0.05,-1.2887,-3.6955,-4.4931,-179.91
37.9,2.7654,0.0,0.0,1.2255,-4.806,-4.4898,0.04,-1.317,-3.7182,-4.4933,-179.92
38.0,2.7943,0.0,0.0,1.2537,-4.7649,-4.4901,0.04,-1.3453,-3.7389,-4.4933,-179.93
38.1,2.8266,0.0,0.0,1.282,-4.7243,-4.4903,0.04,-1.3741,-3.7575,-4.4933,-179.94
38.2,2.8614,0.0,0.0,1.3101,-4.6839,-4.4905,0.04,-1.4029,-3.7742,-4.4933,-179.94
38.3,2.8988,0.0,0.0,1.3381,-4.6443,-4.4907,0.05,-1.4318,-3.789,-4.4936,-179.94
38.4,2.9386,0.0,0.0,1.3658,-4.6061,-4.4909,0.05,-1.4608,-3.8024,-4.494,-179.94
38.5,2.9806,0.0,0.0,1.3935,-4.5698,-4.4908,0.06,-1.4898,-3.8145,-4.4946,-179.95
38.6,3.0248,0.0,0.0,1.4215,-4.5354,-4.4905,0.07,-1.5188,-3.8253,-4.4952,-179.96
38.7,3.0712,0.0,0.0,1.4498,-4.503,-4.4905,0.07,-1.5478,-3.8349,-4.4957,-179.96
38.8,3.1192,0.0,0.0,1.4781,-4.4726,-4.4901,0.08,-1.5769,-3.8432,-4.4962,-179.97
38.9,3.1682,0.0,0.0,1.5064,-4.4441,-4.4897,0.08,-1.6057,-3.8503,-4.4964,-179.97
39.0,3.2185,0.0,0.0,1.5348,-4.4179,-4.4895,0.09,-1.6344,-3.8564,-4.496,-179.98
39.1,3.2701,0.0,0.0,1.5633,-4.3938,-4.4896,0.09,-1.6632,-3.8615,-4.4959,-179.98
39.2,3.3227,0.0,0.0,1.5922,-4.3718,-4.4897,0.1,-1.6918,-3.8659,-4.4956,-179.98
39.3,3.3761,0.0,0.0,1.621,-4.3518,-4.4896,0.1,-1.7206,-3.8699,-4.4953,-179.98
39.4,3.4308,0.0,0.0,1.65,-4.3335,-4.4895,0.11,-1.7498,-3.8736,-4.4948,-179.97
39.5,3.4866,0.0,0.0,1.6796,-4.317,-4.4898,0.12,-1.7792,-3.8773,-4.4943,-179.97
39.6,3.543,0.0,0.0,1.7092,-4.3022,-4.4899,0.12,-1.8086,-3.8809,-4.4938,-179.98
39.7,3.5995,0.0,0.0,1.7385,-4.2889,-4.4901,0.12,-1.8382,-3.8841,-4.4934,-179.98
39.8,3.656,0.0,0.0,1.7674,-4.2767,-4.4907,0.11,-1.8678,-3.8871,-4.493,-179.97
39.9,3.7126,0.0,0.0,1.7963,-4.2658,-4.4915,0.1,-1.8973,-3.8898,-4.4925,-179.97
40.0,3.7698,0.0,0.0,1.8253,-4.256,-4.4922,0.11,-1.9269,-3.8919,-4.4918,-179.96
40.1,3.8274,0.0,0.0,1.8545,-4.2471,-4.4928,0.11,-1.9566,-3.8937,-4.491,-179.96
40.2,3.8852,0.0,0.0,1.8839,-4.2389,-4.4932,0.09,-1.9862,-3.8956,-4.4901,-179.96
40.3,3.9433,0.0,0.0,1.9133,-4.2312,-4.4937,0.08,-2.0158,-3.8976,-4.4894,-179.96
40.4,4.0013,0.0,0.0,1.9426,-4.2242,-4.4942,0.08,-2.0455,-3.8995,-4.4891,-179.97
40.5,4.0601,0.0,0.0,1.9722,-4.2177,-4.4946,0.08,-2.0756,-3.9014,-4.4892,-179.97
40.6,4.1194,0.0,0.0,2.0022,-4.2116,-4.4949,0.08,-2.1057,-3.9035,-4.4895,-179.98
40.7,4.1787,0.0,0.0,2.032,-4.2059,-4.4952,0.07,-2.1358,-3.9051,-4.4896,-180.0
40.8,4.2384,0.0,0.0,2.0619,-4.2005,-4.4956,0.05,-2.1663,-3.9063,-4.4898,179.97
40.9,4.2987,0.0,0.0,2.0918,-4.1951,-4.4958,0.03,-2.1972,-3.9075,-4.4898,179.95
41.0,4.3592,0.0,0.0,2.1217,-4.1901,-4.4958,0.01,-2.2284,-3.9089,-4.4899,179.93
41.1,4.4195,0.0,0.0,2.1513,-4.1855,-4.4954,0.01,-2.2596,-3.9107,-4.4897,179.91
41.2,4.4796,0.0,0.0,2.1809,-4.1812,-4.495,0.01,-2.2906,-3.9124,-4.4896,179.9
41.3,4.5392,0.0,0.0,2.2104,-4.1774,-4.4947,0.01,-2.3211,-3.9138,-4.4895,179.88
41.4,4.5985,0.0,0.0,2.2402,-4.1732,-4.4945,0.01,-2.3511,-3.915,-4.4896,179.88
41.5,4.6579,0.0,0.0,2.2704,-4.1688,-4.4942,0.01,-2.3807,-3.9161,-4.4899,179.89
41.6,4.7175,0.0,0.0,2.3008,-4.1647,-4.4938,0.01,-2.4102,-3.9171,-4.49,179.9
41.7,4.7776,0.0,0.0,2.3314,-4.161,-4.4936,0.01,-2.44,-3.9179,-4.4902,179.91
41.8,4.8374,0.0,0.0,2.3618,-4.1576,-4.4935,0.01,-2.4697,-3.9184,-4.4906,179.91
41.9,4.8974,0.0,0.0,2.3923,-4.1543,-4.4935,0.01,-2.4995,-3.9188,-4.4908,179.92
42.0,4.9576,0.0,0.0,2.4229,-4.1508,-4.4935,0.01,-2.5293,-3.9192,-4.4911,179.93
42.1,5.0181,0.0,0.0,2.4537,-4.1473,-4.4937,0.01,-2.5591,-3.9194,-4.4914,179.93
42.2,5.0788,0.0,0.0,2.4846,-4.1439,-4.4939,0.0,-2.5892,-3.9198,-4.4917,179.94
42.3,5.1393,0.0,0.0,2.5151,-4.1405,-4.4938,0.0,-2.6195,-3.9207,-4.492,179.95
42.4,5.1999,0.0,0.0,2.5454,-4.1371,-4.4934,0.0,-2.6501,-3.9219,-4.4925,179.95
42.5,5.2611,0.0,0.0,2.576,-4.134,-4.4929,0.01,-2.6809,-3.9231,-4.4935,179.95
42.6,5.3224,0.0,0.0,2.6066,-4.1309,-4.4927,0.02,-2.7117,-3.924,-4.4944,179.95
42.7,5.3834,0.0,0.0,2.6373,-4.1278,-4.4926,0.04,-2.7423,-3.9248,-4.4953,179.95
42.8,5.4442,0.0,0.0,2.6679,-4.1246,-4.4925,0.07,-2.7726,-3.9256,-4.4964,179.96
42.9,5.5048,0.0,0.0,2.6983,-4.1219,-4.4923,0.09,-2.803,-3.9269,-4.4976,179.97
43.0,5.565,0.0,0.0,2.7285,-4.1192,-4.4928,0.11,-2.8333,-3.9283,-4.4989,179.98
43.1,5.6253,0.0,0.0,2.7585,-4.117,-4.4939,0.12,-2.8637,-3.9298,-4.4999,179.99
43.2,5.6854,0.0,0.0,2.7883,-4.1152,-4.4948,0.13,-2.8941,-3.9312,-4.5002,-180.0
43.3,5.7454,0.0,0.0,2.818,-4.1139,-4.4953,0.12,-2.9245,-3.9325,-4.5004,-179.98
43.4,5.8057,0.0,0.0,2.8479,-4.113,-4.4957,0.11,-2.955,-3.9338,-4.5006,-179.97
43.5,5.8661,0.0,0.0,2.8779,-4.1123,-4.4959,0.09,-2.9856,-3.9348,-4.5006,-179.96
43.6,5.9265,0.0,0.0,2.908,-4.1115,-4.4958,0.07,-3.0159,-3.9358,-4.5004,-179.95
43.7,5.9864,0.0,0.0,2.9377,-4.1104,-4.4955,0.06,-3.0462,-3.9365,-4.5001,-179.95
43.8,6.0461,0.0,0.0,2.9672,-4.1091,-4.4952,0.05,-3.0765,-3.937,-4.4998,-179.95
43.9,6.1057,0.0,0.0,2.9966,-4.1077,-4.4947,0.04,-3.1068,-3.9374,-4.4992,-179.95
44.0,6.1651,0.0,0.0,3.0258,-4.1066,-4.4942,0.04,-3.1371,-3.9379,-4.4984,-179.96
44.1,6.2246,0.0,0.0,3.0551,-4.1054,-4.4939,0.04,-3.1673,-3.9388,-4.4976,-179.98
44.2,6.2842,0.0,0.0,3.0847,-4.1038,-4.4937,0.04,-3.1974,-3.9401,-4.4972,-179.99
44.3,6.3437,0.0,0.0,3.1143,-4.1021,-4.4936,0.05,-3.2273,-3.9412,-4.497,-180.0
44.4,6.4029,0.0,0.0,3.1437,-4.1005,-4.4933,0.05,-3.2573,-3.9421,-4.4968,-180.0
44.5,6.4619,0.0,0.0,3.1727,-4.0992,-4.4929,0.05,-3.2873,-3.9422,-4.4965,180.0
44.6,6.5209,0.0,0.0,3.2018,-4.0981,-4.4925,0.04,-3.3172,-3.942,-4.4962,179.98
44.7,6.5804,0.0,0.0,3.2314,-4.0973,-4.4921,0.03,-3.3471,-3.9421,-4.4961,179.96
44.8,6.6404,0.0,0.0,3.2614,-4.0967,-4.4919,0.02,-3.3772,-3.9421,-4.4961,179.95
44.9,6.7011,0.0,0.0,3.2918,-4.0962,-4.4916,0.02,-3.4075,-3.9416,-4.496,179.96
45.0,6.7619,0.0,0.0,3.322,-4.0958,-4.4916,0.03,-3.4381,-3.9408,-4.4962,179.96
45.1,6.8222,0.0,0.0,3.352,-4.0949,-4.4916,0.03,-3.4684,-3.9399,-4.4963,179.96
45.2,6.8823,0.0,0.0,3.3822,-4.0938,-4.4917,0.03,-3.4983,-3.9393,-4.4963,179.95
45.3,6.9423,0.0,0.0,3.4124,-4.0927,-4.4919,0.04,-3.5282,-3.9393,-4.4963,179.94
45.4,7.0025,0.0,0.0,3.4426,-4.0915,-4.4922,0.05,-3.5583,-3.9396,-4.4961,179.93
45.5,7.0626,0.0,0.0,3.4726,-4.0896,-4.4926,0.06,-3.5884,-3.9399,-4.4956,179.93
45.6,7.1227,0.0,0.0,3.5026,-4.0877,-4.4928,0.06,-3.6186,-3.9402,-4.4952,179.92
45.7,7.1831,0.0,0.0,3.5326,-4.0858,-4.4929,0.05,-3.649,-3.9402,-4.4948,179.91
45.8,7.2434,0.0,0.0,3.5624,-4.0837,-4.4929,0.06,-3.6796,-3.9404,-4.4944,179.9
45.9,7.3036,0.0,0.0,3.5922,-4.0819,-4.493,0.07,-3.71,-3.9406,-4.4945,179.89
46.0,7.3636,0.0,0.0,3.6222,-4.0804,-4.4929,0.08,-3.7401,-3.941,-4.4949,179.89
46.1,7.4237,0.0,0.0,3.6524,-4.079,-4.4928,0.07,-3.77,-3.9419,-4.4955,179.88
46.2,7.4833,0.0,0.0,3.6825,-4.0779,-4.4924,0.06,-3.7996,-3.9429,-4.4963,179.88
46.3,7.5427,0.0,0.0,3.7124,-4.077,-4.4921,0.05,-3.8291,-3.9437,-4.4968,179.89
46.4,7.602,0.0,0.0,3.7422,-4.0762,-4.4918,0.04,-3.8586,-3.9442,-4.4975,179.89
46.5,7.6609,0.0,0.0,3.7718,-4.0756,-4.4913,0.04,-3.888,-3.9446,-4.4982,179.9
46.6,7.7199,0.0,0.0,3.8014,-4.0751,-4.491,0.02,-3.9174,-3.945,-4.4988,179.91
46.7,7.7794,0.0,0.0,3.8312,-4.0748,-4.4909,-0.01,-3.9471,-3.9452,-4.4993,179.92
46.8,7.8393,0.0,0.0,3.8609,-4.0747,-4.4906,-0.02,-3.9773,-3.945,-4.4995,179.93
46.9,7.8992,0.0,0.0,3.8904,-4.0747,-4.4903,-0.04,-4.0077,-3.9442,-4.4997,179.94
47.0,7.9592,0.0,0.0,3.9199,-4.0749,-4.4901,-0.05,-4.0382,-3.9431,-4.4999,179.94
47.1,8.0191,0.0,0.0,3.9496,-4.0747,-4.4898,-0.04,-4.0684,-3.9416,-4.5001,179.95
47.2,8.0789,0.0,0.0,3.9792,-4.0745,-4.4895,-0.03,-4.0985,-3.9402,-4.5003,179.95
47.3,8.1386,0.0,0.0,4.0088,-4.0742,-4.4893,-0.03,-4.1287,-3.9389,-4.5004,179.95
47.4,8.1984,0.0,0.0,4.0384,-4.074,-4.4891,-0.05,-4.1589,-3.9378,-4.5001,179.94
47.5,8.2581,0.0,0.0,4.0682,-4.0735,-4.4891,-0.06,-4.1888,-3.9366,-4.4995,179.93
47.6,8.3178,0.0,0.0,4.098,-4.0726,-4.4893,-0.08,-4.2187,-3.9357,-4.4991,179.93
47.7,8.3776,0.0,0.0,4.1278,-4.0717,-4.4897,-0.1,-4.2486,-3.9347,-4.4991,179.92
47.8,8.4372,0.0,0.0,4.1575,-4.0708,-4.49,-0.11,-4.2785,-3.9335,-4.4994,179.9
47.9,8.4967,0.0,0.0,4.1874,-4.0696,-4.4905,-0.13,-4.3082,-3.9327,-4.4998,179.89
48.0,8.5564,0.0,0.0,4.2174,-4.0688,-4.4913,-0.14,-4.3379,-3.9321,-4.5002,179.88
48.1,8.6167,0.0,0.0,4.2479,-4.0684,-4.4922,-0.14,-4.3677,-3.9312,-4.5009,179.88
48.2,8.6776,0.0,0.0,4.2786,-4.0679,-4.493,-0.12,-4.3979,-3.9304,-4.5015,179.87
48.3,8.7385,0.0,0.0,4.3093,-4.0675,-4.4938,-0.11,-4.4281,-3.9301,-4.5021,179.87
48.4,8.7991,0.0,0.0,4.3398,-4.067,-4.4944,-0.09,-4.4583,-3.9301,-4.5027,179.87
48.5,8.8591,0.0,0.0,4.3698,-4.0664,-4.4947,-0.06,-4.4882,-3.9302,-4.503,179.88
48.6,8.9187,0.0,0.0,4.3997,-4.0657,-4.4944,-0.05,-4.518,-3.9303,-4.5029,179.88
48.7,8.9783,0.0,0.0,4.4293,-4.065,-4.4937,-0.05,-4.5479,-3.9302,-4.5025,179.88
48.8,9.0383,0.0,0.0,4.4592,-4.0644,-4.4933,-0.04,-4.5781,-3.9296,-4.5021,179.87
48.9,9.0987,0.0,0.0,4.489,-4.0638,-4.4933,-0.04,-4.6087,-3.9289,-4.5017,179.86
49.0,9.1589,0.0,0.0,4.519,-4.0632,-4.493,-0.05,-4.639,-3.9283,-4.5013,179.85
49.1,9.2188,0.0,0.0,4.5488,-4.0627,-4.4927,-0.04,-4.669,-3.9277,-4.5009,179.84
49.2,9.2789,0.0,0.0,4.5788,-4.0621,-4.4926,-0.04,-4.6991,-3.9274,-4.5006,179.84
49.3,9.3398,0.0,0.0,4.6093,-4.0613,-4.4925,-0.03,-4.7296,-3.9274,-4.5004,179.84
49.4,9.401,0.0,0.0,4.64,-4.0604,-4.4927,-0.02,-4.7601,-3.9273,-4.5001,179.85
49.5,9.4628,0.0,0.0,4.671,-4.0597,-4.4928,-0.02,-4.7908,-3.927,-4.4997,179.86
49.6,9.5248,0.0,0.0,4.7023,-4.0593,-4.4931,-0.01,-4.8216,-3.9266,-4.4995,179.88
49.7,9.5866,0.0,0.0,4.7335,-4.0591,-4.4933,0.01,-4.8522,-3.9261,-4.4993,179.9
49.8,9.6483,0.0,0.0,4.7644,-4.0587,-4.4934,0.02,-4.8829,-3.9254,-4.4986,179.91
49.9,9.7098,0.0,0.0,4.7953,-4.0586,-4.4935,0.03,-4.9136,-3.9244,-4.4974,179.92
49.999,9.7716,0.0,0.0,4.8263,-4.0584,-4.4939,0.02,-4.9444,-3.9233,-4.4964,179.93
50.099,9.8336,0.0,0.0,4.8574,-4.0583,-4.4947,0.01,-4.9752,-3.9223,-4.4958,179.93
50.199,9.8955,0.0,0.0,4.8885,-4.0587,-4.4959,0.01,-5.006,-3.9213,-4.4949,179.92
50.299,9.9572,0.0,0.0,4.9198,-4.0593,-4.4971,0.02,-5.0364,-3.9203,-4.4938,179.93
50.399,10.0189,0.0,0.0,4.951,-4.0597,-4.4981,0.02,-5.067,-3.9191,-4.4928,179.94
50.499,10.0806,0.0,0.0,4.9819,-4.06,-4.4992,0.03,-5.0977,-3.9178,-4.4918,179.95
50.599,10.1419,0.0,0.0,5.0127,-4.0602,-4.5001,0.04,-5.1282,-3.9168,-4.4911,179.95
50.699,10.2026,0.0,0.0,5.0434,-4.0602,-4.5006,0.05,-5.1583,-3.9161,-4.4906,179.95
50.799,10.263,0.0,0.0,5.074,-4.06,-4.5009,0.06,-5.1879,-3.9154,-4.4901,179.95
50.899,10.3229,0.0,0.0,5.1044,-4.0599,-4.5011,0.06,-5.2175,-3.9152,-4.4896,179.95
50.999,10.383,0.0,0.0,5.1348,-4.0596,-4.5012,0.06,-5.2472,-3.9148,-4.4893,179.95
51.099,10.4432,0.0,0.0,5.1651,-4.0592,-4.5014,0.05,-5.277,-3.9142,-4.4891,179.95
51.199,10.5033,0.0,0.0,5.1953,-4.0587,-4.5014,0.05,-5.307,-3.9135,-4.4892,179.95
51.299,10.5635,0.0,0.0,5.2254,-4.0581,-4.5014,0.05,-5.337,-3.9128,-4.4895,179.94
51.399,10.6238,0.0,0.0,5.2555,-4.0575,-4.5014,0.04,-5.3672,-3.9122,-4.4898,179.92
51.499,10.6842,0.0,0.0,5.2858,-4.0571,-4.5011,0.04,-5.3975,-3.9114,-4.4901,179.9
51.599,10.7447,0.0,0.0,5.3161,-4.0569,-4.5009,0.04,-5.4277,-3.9109,-4.4907,179.89
51.699,10.8048,0.0,0.0,5.346,-4.0567,-4.5007,0.03,-5.4578,-3.9104,-4.4918,179.89
51.799,10.8646,0.0,0.0,5.3758,-4.0566,-4.5006,0.02,-5.4878,-3.9101,-4.4927,179.9
51.899,10.9242,0.0,0.0,5.4053,-4.0564,-4.5008,0.03,-5.518,-3.91,-4.4933,179.92
51.999,10.9836,0.0,0.0,5.4343,-4.0563,-4.5008,0.04,-5.5483,-3.9099,-4.4935,179.93
52.099,11.0425,0.0,0.0,5.4629,-4.0563,-4.501,0.05,-5.5786,-3.9101,-4.4938,179.94
52.199,11.1014,0.0,0.0,5.4916,-4.0564,-4.501,0.05,-5.6089,-3.9101,-4.4943,179.94
52.299,11.1605,0.0,0.0,5.5206,-4.0565,-4.501,0.06,-5.639,-3.9098,-4.4945,179.93
52.399,11.2201,0.0,0.0,5.55,-4.0565,-4.501,0.05,-5.6691,-3.9094,-4.4945,179.92
52.499,11.2799,0.0,0.0,5.5798,-4.0559,-4.5011,0.05,-5.6992,-3.9093,-4.4945,179.91
52.599,11.3401,0.0,0.0,5.6097,-4.0552,-4.5011,0.05,-5.7295,-3.9096,-4.4946,179.91
52.699,11.4007,0.0,0.0,5.6396,-4.0545,-4.5009,0.04,-5.7602,-3.9101,-4.4947,179.92
52.799,11.4614,0.0,0.0,5.6697,-4.0536,-4.5005,0.04,-5.7908,-3.9106,-4.4944,179.93
52.899,11.522,0.0,0.0,5.6999,-4.0523,-4.5003,0.04,-5.8212,-3.9108,-4.4942,179.94
52.999,11.5822,0.0,0.0,5.7301,-4.0512,-4.5001,0.03,-5.8513,-3.9108,-4.4942,179.95
53.099,11.6425,0.0,0.0,5.7604,-4.0504,-4.4999,0.03,-5.8813,-3.9109,-4.4942,179.95
53.199,11.7031,0.0,0.0,5.7908,-4.0495,-4.4994,0.03,-5.9115,-3.9108,-4.4942,179.95
53.299,11.7636,0.0,0.0,5.8213,-4.0491,-4.4988,0.04,-5.9415,-3.9105,-4.4943,179.94
53.399,11.8235,0.0,0.0,5.8516,-4.049,-4.4981,0.05,-5.9711,-3.91,-4.4944,179.93
53.499,11.883,0.0,0.0,5.8816,-4.0487,-4.4974,0.07,-6.0007,-3.9095,-4.4947,179.93
53.599,11.9424,0.0,0.0,5.9112,-4.0484,-4.497,0.1,-6.0304,-3.9092,-4.4948,179.92
53.699,12.0014,0.0,0.0,5.9405,-4.0484,-4.4969,0.12,-6.0601,-3.9088,-4.4945,179.91
53.799,12.0605,0.0,0.0,5.9698,-4.0488,-4.4966,0.15,-6.09,-3.9085,-4.4941,179.92
53.899,12.1197,0.0,0.0,5.9991,-4.0491,-4.4961,0.17,-6.1198,-3.9084,-4.4936,179.93
53.999,12.179,0.0,0.0,6.0286,-4.0495,-4.4954,0.18,-6.1496,-3.9085,-4.4933,179.94
54.099,12.2388,0.0,0.0,6.0583,-4.0498,-4.495,0.19,-6.1797,-3.9088,-4.4936,179.94
54.199,12.299,0.0,0.0,6.0882,-4.0499,-4.4946,0.2,-6.21,-3.9088,-4.4937,179.94
54.299,12.3592,0.0,0.0,6.1184,-4.0499,-4.4945,0.2,-6.24,-3.9088,-4.4935,179.95
54.399,12.4196,0.0,0.0,6.1485,-4.0501,-4.4946,0.18,-6.2702,-3.909,-4.4932,179.96
54.499,12.4799,0.0,0.0,6.1784,-4.0506,-4.4947,0.17,-6.3007,-3.9093,-4.493,179.98
54.599,12.5401,0.0,0.0,6.2081,-4.0513,-4.4949,0.15,-6.3312,-3.9098,-4.4926,179.99
54.699,12.6008,0.0,0.0,6.2382,-4.0519,-4.4948,0.14,-6.3618,-3.9103,-4.492,180.0
54.799,12.6618,0.0,0.0,6.2685,-4.0529,-4.4946,0.12,-6.3925,-3.9109,-4.4915,-180.0
54.899,12.7227,0.0,0.0,6.2987,-4.0543,-4.4943,0.1,-6.4232,-3.9114,-4.4909,-179.99
54.999,12.7837,0.0,0.0,6.329,-4.0555,-4.4939,0.08,-6.4538,-3.9117,-4.4903,-179.98
55.099,12.8447,0.0,0.0,6.3593,-4.0563,-4.4939,0.08,-6.4845,-3.9121,-4.4894,-179.97
55.199,12.9057,0.0,0.0,6.3897,-4.0575,-4.4942,0.07,-6.5151,-3.9129,-4.4885,-179.96
55.299,12.9665,0.0,0.0,6.42,-4.0585,-4.495,0.06,-6.5457,-3.9138,-4.4877,-179.94
55.399,13.0274,0.0,0.0,6.4502,-4.0592,-4.4959,0.04,-6.5765,-3.9145,-4.4871,-179.93
55.499,13.088,0.0,0.0,6.4801,-4.0591,-4.4969,0.03,-6.6071,-3.9152,-4.487,-179.91
55.599,13.148,0.0,0.0,6.5097,-4.0588,-4.4974,0.03,-6.6375,-3.916,-4.4873,-179.89
55.699,13.2082,0.0,0.0,6.5394,-4.0585,-4.4978,0.03,-6.668,-3.9167,-4.4879,-179.86
55.799,13.2687,0.0,0.0,6.5694,-4.0578,-4.4982,0.02,-6.6985,-3.9169,-4.4884,-179.84
55.899,13.3295,0.0,0.0,6.5997,-4.0569,-4.4983,0.03,-6.7291,-3.9171,-4.4887,-179.83
55.999,13.3903,0.0,0.0,6.6297,-4.0556,-4.4984,0.04,-6.7599,-3.9169,-4.4887,-179.83
56.099,13.4507,0.0,0.0,6.6594,-4.0543,-4.4984,0.04,-6.7905,-3.9166,-4.4884,-179.83
56.199,13.511,0.0,0.0,6.6892,-4.0532,-4.4984,0.05,-6.8211,-3.916,-4.4882,-179.85
56.299,13.5714,0.0,0.0,6.7194,-4.0521,-4.4983,0.06,-6.8514,-3.9156,-4.4882,-179.87
56.399,13.6318,0.0,0.0,6.7496,-4.0512,-4.498,0.07,-6.8816,-3.9153,-4.4883,-179.88
56.499,13.6921,0.0,0.0,6.7798,-4.0503,-4.4977,0.07,-6.9116,-3.9151,-4.4884,-179.89
56.599,13.7521,0.0,0.0,6.8098,-4.0498,-4.4975,0.06,-6.9416,-3.9145,-4.4886,-179.9
56.699,13.8121,0.0,0.0,6.8398,-4.0493,-4.4973,0.05,-6.9716,-3.9138,-4.489,-179.91
56.799,13.872,0.0,0.0,6.8699,-4.0491,-4.497,0.03,-7.0014,-3.9129,-4.4896,-179.92
56.899,13.9317,0.0,0.0,6.8999,-4.049,-4.4964,0.03,-7.0311,-3.9124,-4.4903,-179.92
56.999,13.9914,0.0,0.0,6.93,-4.0486,-4.4957,0.03,-7.0608,-3.912,-4.4912,-179.93
57.099,14.0511,0.0,0.0,6.9601,-4.048,-4.495,0.05,-7.0904,-3.9116,-4.4921,-179.93
57.199,14.1108,0.0,0.0,6.9903,-4.0475,-4.4943,0.06,-7.1198,-3.9113,-4.4932,-179.92
57.299,14.1702,0.0,0.0,7.0203,-4.0473,-4.4937,0.08,-7.1493,-3.911,-4.4941,-179.91
57.399,14.2301,0.0,0.0,7.0502,-4.0472,-4.4932,0.09,-7.1793,-3.9105,-4.4946,-179.91
57.499,14.2902,0.0,0.0,7.08,-4.0472,-4.493,0.1,-7.2095,-3.9103,-4.4947,-179.9
57.599,14.3506,0.0,0.0,7.1099,-4.0473,-4.493,0.11,-7.24,-3.91,-4.4944,-179.89
57.699,14.4111,0.0,0.0,7.1398,-4.0472,-4.4932,0.1,-7.2706,-3.9096,-4.4943,-179.89
57.799,14.4715,0.0,0.0,7.1696,-4.0473,-4.4933,0.09,-7.3013,-3.9092,-4.4944,-179.9
57.899,14.5317,0.0,0.0,7.1992,-4.0477,-4.4935,0.07,-7.3319,-3.9086,-4.4941,-179.91
57.999,14.5916,0.0,0.0,7.2289,-4.0481,-4.4938,0.06,-7.3621,-3.9079,-4.4937,-179.92
58.099,14.6518,0.0,0.0,7.259,-4.0483,-4.4941,0.05,-7.3921,-3.9073,-4.4934,-179.92
58.199,14.7121,0.0,0.0,7.2894,-4.0482,-4.494,0.04,-7.4221,-3.9068,-4.4934,-179.92
58.299,14.7727,0.0,0.0,7.3201,-4.0479,-4.4937,0.03,-7.4519,-3.9058,-4.4938,-179.92
58.399,14.8338,0.0,0.0,7.3511,-4.0471,-4.4935,0.01,-7.482,-3.9046,-4.4943,-179.93
58.499,14.895,0.0,0.0,7.3818,-4.0459,-4.4933,0.01,-7.5126,-3.9035,-4.4945,-179.91
58.599,14.9563,0.0,0.0,7.4123,-4.0446,-4.4927,0.02,-7.5433,-3.9025,-4.4944,-179.91
58.699,15.0175,0.0,0.0,7.4429,-4.0434,-4.4918,0.04,-7.5739,-3.9018,-4.494,-179.91
58.799,15.0789,0.0,0.0,7.4737,-4.0426,-4.4911,0.05,-7.6045,-3.9014,-4.4936,-179.91
58.899,15.1404,0.0,0.0,7.5047,-4.0419,-4.4905,0.04,-7.635,-3.9013,-4.494,-179.91
58.999,15.2013,0.0,0.0,7.5355,-4.0415,-4.4902,0.02,-7.6652,-3.9017,-4.4945,-179.9
59.099,15.2618,0.0,0.0,7.5661,-4.0412,-4.4899,-0.0,-7.695,-3.9024,-4.4949,-179.9
59.199,15.322,0.0,0.0,7.5966,-4.0409,-4.4899,-0.01,-7.7247,-3.903,-4.4953,-179.9
59.299,15.3823,0.0,0.0,7.627,-4.0407,-4.4897,-0.01,-7.7546,-3.9032,-4.4957,-179.91
59.399,15.4423,0.0,0.0,7.6573,-4.0406,-4.489,-0.01,-7.7844,-3.9034,-4.496,-179.92
59.499,15.5019,0.0,0.0,7.6872,-4.0406,-4.4881,-0.01,-7.814,-3.9036,-4.4962,-179.92
59.599,15.5613,0.0,0.0,7.717,-4.0406,-4.4872,-0.01,-7.8437,-3.9033,-4.4967,-179.92
59.699,15.6205,0.0,0.0,7.7464,-4.0408,-4.4864,-0.01,-7.8734,-3.9028,-4.4975,-179.92
59.799,15.6798,0.0,0.0,7.776,-4.041,-4.4858,-0.01,-7.9032,-3.9022,-4.4976,-179.91
59.899,15.7392,0.0,0.0,7.8058,-4.0411,-4.4856,-0.0,-7.9328,-3.9015,-4.4977,-179.9
59.999,15.799,0.0,0.0,7.8358,-4.0414,-4.4855,0.0,-7.9626,-3.9006,-4.4981,-179.89
60.099,15.8589,0.0,0.0,7.8659,-4.0418,-4.4849,0.01,-7.9924,-3.8999,-4.4981,-179.88
60.199,15.9189,0.0,0.0,7.896,-4.0424,-4.4846,0.01,-8.0222,-3.8997,-4.4979,-179.87
60.299,15.9789,0.0,0.0,7.9261,-4.0431,-4.4844,0.01,-8.0522,-3.8998,-4.4978,-179.87
60.399,16.039,0.0,0.0,7.956,-4.0442,-4.4844,0.01,-8.0823,-3.8999,-4.4975,-179.88
60.499,16.0992,0.0,0.0,7.986,-4.0452,-4.4843,0.01,-8.1126,-3.8998,-4.4969,-179.89
60.599,16.1596,0.0,0.0,8.0162,-4.0461,-4.4843,0.01,-8.1428,-3.8998,-4.4964,-179.9
60.699,16.2198,0.0,0.0,8.0462,-4.047,-4.4847,0.01,-8.1729,-3.9001,-4.496,-179.91
60.799,16.2797,0.0,0.0,8.0762,-4.048,-4.4852,0.02,-8.2029,-3.9001,-4.4957,-179.93
60.899,16.3397,0.0,0.0,8.1063,-4.0494,-4.4855,0.02,-8.2328,-3.9,-4.4954,-179.94
60.999,16.3996,0.0,0.0,8.1366,-4.0505,-4.4859,0.03,-8.2623,-3.9,-4.4952,-179.95
61.099,16.4593,0.0,0.0,8.1669,-4.051,-4.4863,0.03,-8.2917,-3.9,-4.4952,-179.96
61.199,16.5189,0.0,0.0,8.1969,-4.0515,-4.4868,0.04,-8.3213,-3.8999,-4.4953,-179.98
61.299,16.5787,0.0,0.0,8.2271,-4.0518,-4.4873,0.04,-8.3509,-3.9,-4.4954,-179.99
61.399,16.6383,0.0,0.0,8.2573,-4.052,-4.4878,0.03,-8.3803,-3.9,-4.4955,-180.0
61.499,16.698,0.0,0.0,8.2873,-4.0518,-4.4883,0.02,-8.41,-3.9001,-4.4957,180.0
61.599,16.7582,0.0,0.0,8.3175,-4.0515,-4.4883,0.01,-8.4401,-3.9003,-4.4957,179.99
61.699,16.8183,0.0,0.0,8.3475,-4.0511,-4.4882,0.0,-8.4701,-3.9005,-4.4954,179.99
61.799,16.8784,0.0,0.0,8.3776,-4.0505,-4.4879,0.0,-8.5002,-3.9006,-4.4949,179.98
61.899,16.9388,0.0,0.0,8.4077,-4.0503,-4.4876,0.0,-8.5304,-3.9005,-4.4946,179.96
61.999,16.9992,0.0,0.0,8.4379,-4.0504,-4.4873,0.01,-8.5606,-3.9004,-4.4944,179.94
62.099,17.0594,0.0,0.0,8.468,-4.0508,-4.4873,0.02,-8.5907,-3.9003,-4.4945,179.94
62.199,17.1194,0.0,0.0,8.4982,-4.0513,-4.4875,0.03,-8.6206,-3.9003,-4.4947,179.94
62.299,17.1795,0.0,0.0,8.5286,-4.0519,-4.4879,0.05,-8.6502,-3.9002,-4.4951,179.95
62.399,17.2394,0.0,0.0,8.559,-4.0525,-4.4883,0.06,-8.6798,-3.9001,-4.4956,179.96
62.499,17.299,0.0,0.0,8.5892,-4.053,-4.4884,0.07,-8.7092,-3.9,-4.496,179.97
62.599,17.3586,0.0,0.0,8.6193,-4.0532,-4.4884,0.08,-8.7386,-3.8997,-4.496,179.96
62.699,17.4182,0.0,0.0,8.6494,-4.0536,-4.4886,0.08,-8.7681,-3.8991,-4.4955,179.97
62.799,17.4781,0.0,0.0,8.6795,-4.0538,-4.4889,0.08,-8.7979,-3.8984,-4.495,179.97
62.899,17.5377,0.0,0.0,8.7096,-4.0538,-4.4893,0.07,-8.8275,-3.8978,-4.4948,179.99
62.999,17.5973,0.0,0.0,8.7396,-4.0539,-4.4897,0.07,-8.8571,-3.8973,-4.4947,-179.99
63.099,17.6573,0.0,0.0,8.7697,-4.0539,-4.4898,0.06,-8.8868,-3.8969,-4.4947,-179.99
63.199,17.7173,0.0,0.0,8.7999,-4.0535,-4.49,0.05,-8.9167,-3.8967,-4.4944,-179.99
63.299,17.7774,0.0,0.0,8.83,-4.0533,-4.4899,0.03,-8.9467,-3.8967,-4.4939,-179.99
63.399,17.8372,0.0,0.0,8.86,-4.053,-4.49,0.03,-8.9765,-3.8964,-4.4937,180.0
63.499,17.8971,0.0,0.0,8.89,-4.0526,-4.4898,0.03,-9.0065,-3.8962,-4.4938,-180.0
63.599,17.9576,0.0,0.0,8.9203,-4.0521,-4.4896,0.03,-9.0366,-3.8959,-4.4939,180.0
63.699,18.0182,0.0,0.0,8.9506,-4.0518,-4.4896,0.02,-9.0669,-3.8955,-4.4938,-180.0
63.799,18.0787,0.0,0.0,8.9808,-4.0514,-4.4896,0.02,-9.0972,-3.8955,-4.4939,-179.99
63.899,18.1387,0.0,0.0,9.0107,-4.0508,-4.4899,0.03,-9.1274,-3.8953,-4.494,-179.98
63.999,18.199,0.0,0.0,9.0403,-4.0505,-4.4902,0.03,-9.158,-3.8951,-4.4944,-179.98
64.099,18.2595,0.0,0.0,9.0702,-4.0501,-4.4902,0.02,-9.1886,-3.8949,-4.4948,-179.98
64.199,18.3203,0.0,0.0,9.1003,-4.0499,-4.4904,0.01,-9.2194,-3.8946,-4.495,-179.99
64.299,18.3815,0.0,0.0,9.1306,-4.0495,-4.4905,0.01,-9.2503,-3.8946,-4.4952,-179.99
64.399,18.4425,0.0,0.0,9.1606,-4.0489,-4.4907,0.01,-9.2813,-3.8948,-4.4953,-179.99
64.499,18.5036,0.0,0.0,9.1907,-4.0482,-4.4908,0.01,-9.3122,-3.895,-4.4954,-179.99
64.599,18.5642,0.0,0.0,9.2206,-4.0475,-4.4909,0.01,-9.343,-3.8953,-4.4957,-179.99
64.699,18.6242,0.0,0.0,9.2502,-4.0471,-4.4913,0.0,-9.3734,-3.8953,-4.4959,-179.98
64.799,18.6839,0.0,0.0,9.2798,-4.047,-4.4918,0.01,-9.4036,-3.8949,-4.4963,-179.98
64.899,18.7438,0.0,0.0,9.3096,-4.0468,-4.4925,0.03,-9.4336,-3.8943,-4.4969,-179.99
64.999,18.8037,0.0,0.0,9.3394,-4.0468,-4.4934,0.06,-9.4637,-3.8936,-4.4975,179.99
65.099,18.8636,0.0,0.0,9.3692,-4.0467,-4.4945,0.08,-9.4938,-3.8932,-4.4981,179.98
65.199,18.9239,0.0,0.0,9.3992,-4.0466,-4.4955,0.09,-9.5241,-3.8929,-4.4989,179.98
65.299,18.9847,0.0,0.0,9.4293,-4.0465,-4.4961,0.1,-9.5548,-3.8928,-4.4994,179.99
65.399,19.0455,0.0,0.0,9.4593,-4.0466,-4.4965,0.09,-9.5856,-3.8928,-4.4998,-180.0
65.499,19.1064,0.0,0.0,9.4893,-4.047,-4.4968,0.08,-9.6164,-3.8929,-4.5001,-179.97
65.599,19.1679,0.0,0.0,9.5196,-4.0475,-4.4976,0.07,-9.6477,-3.8926,-4.5004,-179.96
65.699,19.229,0.0,0.0,9.5496,-4.048,-4.4982,0.07,-9.6787,-3.8923,-4.5007,-179.94
65.799,19.2896,0.0,0.0,9.5795,-4.0484,-4.4986,0.07,-9.7094,-3.892,-4.5007,-179.93
65.899,19.3498,0.0,0.0,9.6091,-4.0489,-4.4988,0.07,-9.7401,-3.8917,-4.5004,-179.92
65.999,19.4103,0.0,0.0,9.6389,-4.0496,-4.499,0.08,-9.7708,-3.8916,-4.4999,-179.92
66.099,19.471,0.0,0.0,9.6688,-4.0502,-4.4989,0.08,-9.8016,-3.892,-4.4998,-179.92
66.199,19.5315,0.0,0.0,9.6986,-4.0509,-4.4984,0.08,-9.8323,-3.8923,-4.5,-179.92
66.299,19.5917,0.0,0.0,9.7284,-4.0518,-4.4977,0.08,-9.8626,-3.8927,-4.5002,-179.93
66.399,19.6519,0.0,0.0,9.7583,-4.0524,-4.497,0.09,-9.8929,-3.8932,-4.5002,-179.93
66.499,19.712,0.0,0.0,9.7882,-4.0531,-4.4966,0.08,-9.9231,-3.8937,-4.5001,-179.94
66.599,19.7716,0.0,0.0,9.8178,-4.0539,-4.4963,0.09,-9.9531,-3.8939,-4.4996,-179.94
66.699,19.8307,0.0,0.0,9.847,-4.0545,-4.496,0.08,-9.983,-3.8939,-4.4992,-179.95
66.799,19.8897,0.0,0.0,9.8761,-4.0551,-4.4959,0.06,-10.013,-3.8941,-4.4989,-179.96
66.899,19.949,0.0,0.0,9.9052,-4.056,-4.4956,0.05,-10.0432,-3.8947,-4.4987,-179.95
66.999,20.0087,0.0,0.0,9.9345,-4.0567,-4.4952,0.04,-10.0735,-3.8953,-4.4986,-179.96
67.099,20.0684,0.0,0.0,9.9639,-4.0573,-4.4947,0.03,-10.1038,-3.8954,-4.4986,-179.96
67.199,20.1282,0.0,0.0,9.9933,-4.0579,-4.4944,0.01,-10.1343,-3.8952,-4.4986,-179.99
67.299,20.1878,0.0,0.0,10.0226,-4.0584,-4.4943,-0.01,-10.1646,-3.8949,-4.4986,179.99
67.399,20.247,0.0,0.0,10.0516,-4.059,-4.4941,-0.01,-10.1947,-3.8945,-4.4983,179.96
67.499,20.301,0.0,0.0,10.081,-4.0597,-4.4935,-0.01,-10.2193,-3.8939,-4.4984,179.93
67.599,20.3482,0.0,0.0,10.1105,-4.0603,-4.4931,-0.01,-10.237,-3.8932,-4.4984,179.92
67.699,20.3844,0.0,0.0,10.1347,-4.061,-4.4928,-0.02,-10.2489,-3.8921,-4.4986,179.9
67.799,20.4095,0.0,0.0,10.152,-4.0618,-4.4925,-0.03,-10.2568,-3.8908,-4.4991,179.9
67.899,20.4261,0.0,0.0,10.1638,-4.063,-4.4924,-0.04,-10.2615,-3.8895,-4.4994,179.89
67.999,20.4355,0.0,0.0,10.1712,-4.0644,-4.4922,-0.05,-10.2635,-3.8883,-4.4992,179.88
68.099,20.4386,0.0,0.0,10.175,-4.0661,-4.4923,-0.05,-10.2629,-3.8875,-4.4991,179.89
68.199,20.437,0.0,0.0,10.1759,-4.0677,-4.4924,-0.06,-10.2603,-3.8867,-4.4988,179.9
68.299,20.4321,0.0,0.0,10.1746,-4.0693,-4.4925,-0.07,-10.2566,-3.8858,-4.4983,179.91
68.399,20.4244,0.0,0.0,10.1714,-4.0707,-4.4924,-0.06,-10.2522,-3.8851,-4.4981,179.91
68.499,20.4148,0.0,0.0,10.1669,-4.0719,-4.492,-0.06,-10.2471,-3.8848,-4.4981,179.9
68.599,20.4044,0.0,0.0,10.162,-4.0729,-4.4917,-0.06,-10.2415,-3.8844,-4.498,179.89
68.699,20.3931,0.0,0.0,10.1565,-4.0736,-4.4914,-0.05,-10.2357,-3.8839,-4.498,179.89
68.799,20.3815,0.0,0.0,10.1506,-4.074,-4.4913,-0.05,-10.2301,-3.8832,-4.498,179.89
68.899,20.3698,0.0,0.0,10.1444,-4.0743,-4.4911,-0.05,-10.2244,-3.8828,-4.498,179.89
68.999,20.358,0.0,0.0,10.1384,-4.0746,-4.491,-0.05,-10.2186,-3.8826,-4.4981,179.9
69.099,20.3468,0.0,0.0,10.1328,-4.0748,-4.491,-0.06,-10.2131,-3.8824,-4.498,179.91
69.199,20.336,0.0,0.0,10.1274,-4.0751,-4.4912,-0.06,-10.2077,-3.8824,-4.4978,179.92
69.299,20.3251,0.0,0.0,10.1219,-4.0754,-4.4914,-0.07,-10.2023,-3.8826,-4.4975,179.94
69.399,20.3144,0.0,0.0,10.1164,-4.0758,-4.4916,-0.07,-10.197,-3.8832,-4.4975,179.96
69.499,20.3041,0.0,0.0,10.1111,-4.0759,-4.4913,-0.07,-10.1922,-3.8837,-4.4975,179.98
69.599,20.2944,0.0,0.0,10.1059,-4.0757,-4.4909,-0.07,-10.1876,-3.8838,-4.4972,180.0
69.699,20.2852,0.0,0.0,10.101,-4.0754,-4.4903,-0.07,-10.1834,-3.8839,-4.4972,-179.98
69.799,20.2765,0.0,0.0,10.0963,-4.0751,-4.4894,-0.08,-10.1794,-3.884,-4.4971,-179.97
69.899,20.2684,0.0,0.0,10.0918,-4.0745,-4.4886,-0.07,-10.1757,-3.8842,-4.4968,-179.97
69.999,20.2612,0.0,0.0,10.088,-4.0737,-4.4878,-0.07,-10.1723,-3.8842,-4.4965,-179.97
70.099,20.2596,0.0,0.0,10.0897,-4.0726,-4.4873,-0.07,-10.1691,-3.8839,-4.496,-179.96
70.199,20.2707,0.0,0.0,10.0985,-4.0711,-4.487,-0.07,-10.1713,-3.8832,-4.4953,-179.96
70.299,20.2901,0.0,0.0,10.1086,-4.0695,-4.4866,-0.08,-10.1807,-3.8828,-4.4947,-179.95
70.399,20.3081,0.0,0.0,10.1165,-4.0682,-4.4864,-0.08,-10.1908,-3.8824,-4.4942,-179.95
70.499,20.3216,0.0,0.0,10.1222,-4.0672,-4.4865,-0.09,-10.1985,-3.8819,-4.4938,-179.94
70.599,20.3315,0.0,0.0,10.1264,-4.0662,-4.4868,-0.09,-10.2042,-3.8814,-4.4935,-179.91
70.699,20.3386,0.0,0.0,10.1293,-4.0652,-4.4876,-0.09,-10.2085,-3.8807,-4.493,-179.89
70.799,20.3433,0.0,0.0,10.1311,-4.0644,-4.4889,-0.1,-10.2113,-3.8801,-4.4925,-179.88
70.899,20.3464,0.0,0.0,10.1324,-4.0636,-4.49,-0.09,-10.2132,-3.8795,-4.4923,-179.87
70.999,20.3479,0.0,0.0,10.1327,-4.0628,-4.4907,-0.08,-10.2143,-3.8793,-4.4922,-179.86
71.099,20.3482,0.0,0.0,10.1325,-4.0619,-4.491,-0.07,-10.215,-3.8794,-4.492,-179.84
71.199,20.3476,0.0,0.0,10.1316,-4.061,-4.4909,-0.05,-10.2152,-3.8796,-4.492,-179.83
71.299,20.3461,0.0,0.0,10.1303,-4.0598,-4.4908,-0.05,-10.215,-3.8795,-4.4925,-179.83
71.399,20.3444,0.0,0.0,10.1288,-4.0587,-4.4908,-0.04,-10.2148,-3.8794,-4.4931,-179.83
71.499,20.3427,0.0,0.0,10.1273,-4.0576,-4.491,-0.03,-10.2147,-3.8793,-4.4934,-179.82
71.599,20.3408,0.0,0.0,10.1254,-4.0568,-4.4912,-0.02,-10.2147,-3.8792,-4.4937,-179.82
71.699,20.3385,0.0,0.0,10.1234,-4.0566,-4.4912,-0.01,-10.2143,-3.8791,-4.494,-179.82
71.799,20.336,0.0,0.0,10.1215,-4.0562,-4.491,-0.01,-10.2138,-3.879,-4.4944,-179.81
71.899,20.3332,0.0,0.0,10.1196,-4.0558,-4.4906,-0.01,-10.2128,-3.8793,-4.4949,-179.8
71.999,20.3305,0.0,0.0,10.1179,-4.0555,-4.4902,-0.0,-10.2118,-3.8795,-4.4953,-179.78
72.099,20.3281,0.0,0.0,10.1163,-4.0553,-4.4897,0.0,-10.211,-3.8792,-4.4956,-179.78
72.199,20.3255,0.0,0.0,10.1146,-4.0552,-4.4892,0.01,-10.2101,-3.8786,-4.4959,-179.78
72.299,20.3224,0.0,0.0,10.1127,-4.055,-4.4888,0.03,-10.2089,-3.8779,-4.496,-179.78
72.399,20.3196,0.0,0.0,10.1108,-4.0549,-4.4885,0.04,-10.208,-3.8772,-4.4965,-179.78
72.499,20.3171,0.0,0.0,10.1089,-4.0546,-4.4883,0.04,-10.2074,-3.8765,-4.4968,-179.8
72.599,20.3145,0.0,0.0,10.107,-4.0544,-4.4885,0.04,-10.2067,-3.8759,-4.4968,-179.83
72.699,20.3117,0.0,0.0,10.1051,-4.0547,-4.4891,0.04,-10.2058,-3.8753,-4.4968,-179.85
72.799,20.309,0.0,0.0,10.1035,-4.0553,-4.4898,0.04,-10.2047,-3.875,-4.497,-179.87
72.899,20.3061,0.0,0.0,10.102,-4.0559,-4.4906,0.04,-10.2033,-3.8748,-4.4975,-179.88
72.999,20.3035,0.0,0.0,10.1008,-4.0566,-4.4912,0.05,-10.2018,-3.8746,-4.4981,-179.88
73.099,20.301,0.0,0.0,10.0997,-4.0573,-4.4916,0.06,-10.2005,-3.8743,-4.4992,-179.88
73.199,20.2987,0.0,0.0,10.0986,-4.0576,-4.4919,0.06,-10.1993,-3.874,-4.5,-179.89
73.299,20.2965,0.0,0.0,10.0973,-4.058,-4.492,0.07,-10.1984,-3.8736,-4.5003,-179.89
73.399,20.2942,0.0,0.0,10.0957,-4.0581,-4.4923,0.07,-10.1977,-3.8728,-4.5,-179.9
73.499,20.2914,0.0,0.0,10.0935,-4.0584,-4.4926,0.07,-10.197,-3.8724,-4.4994,-179.91
73.599,20.2882,0.0,0.0,10.0912,-4.0589,-4.4929,0.07,-10.1962,-3.8724,-4.4986,-179.92
73.699,20.2849,0.0,0.0,10.0889,-4.0593,-4.4933,0.07,-10.1952,-3.8728,-4.4978,-179.94
73.799,20.2819,0.0,0.0,10.0868,-4.0599,-4.4935,0.07,-10.1942,-3.873,-4.4969,-179.94
73.899,20.2795,0.0,0.0,10.0851,-4.0604,-4.4937,0.06,-10.1936,-3.8732,-4.4962,-179.95
73.999,20.2778,0.0,0.0,10.0838,-4.0604,-4.4937,0.06,-10.1931,-3.8735,-4.4959,-179.95
74.099,20.276,0.0,0.0,10.0826,-4.06,-4.4938,0.07,-10.1925,-3.8736,-4.4957,-179.97
74.199,20.2742,0.0,0.0,10.0815,-4.0594,-4.4937,0.07,-10.1918,-3.8742,-4.4957,-179.98
74.299,20.2729,0.0,0.0,10.0806,-4.0588,-4.4935,0.07,-10.1915,-3.8748,-4.4956,-179.98
74.399,20.2715,0.0,0.0,10.0795,-4.0584,-4.4933,0.08,-10.1912,-3.8755,-4.4953,-179.99
74.499,20.2701,0.0,0.0,10.0784,-4.0584,-4.4932,0.09,-10.1908,-3.8759,-4.4949,-179.99
74.599,20.2688,0.0,0.0,10.0774,-4.0585,-4.4932,0.09,-10.1906,-3.8762,-4.4944,-179.99
74.699,20.2679,0.0,0.0,10.0765,-4.0586,-4.4931,0.11,-10.1906,-3.8772,-4.4938,-180.0
74.799,20.2672,0.0,0.0,10.0758,-4.059,-4.4928,0.11,-10.1906,-3.8783,-4.4932,-179.99
74.899,20.2666,0.0,0.0,10.0752,-4.0594,-4.4924,0.12,-10.1906,-3.8794,-4.4925,-180.0
74.999,20.2661,0.0,0.0,10.0746,-4.06,-4.4919,0.13,-10.1907,-3.8804,-4.4919,-179.99
75.099,20.2653,0.0,0.0,10.0738,-4.0603,-4.4913,0.15,-10.1908,-3.8812,-4.4912,-179.99
75.199,20.2638,0.0,0.0,10.0725,-4.0604,-4.4908,0.16,-10.1905,-3.882,-4.4902,-179.98
75.299,20.2615,0.0,0.0,10.0709,-4.0603,-4.4904,0.16,-10.1898,-3.8828,-4.4894,-179.95
75.399,20.2592,0.0,0.0,10.0695,-4.0602,-4.4902,0.16,-10.189,-3.8836,-4.4892,-179.94
75.499,20.2572,0.0,0.0,10.0684,-4.0599,-4.4896,0.15,-10.188,-3.8844,-4.4891,-179.93
75.599,20.2557,0.0,0.0,10.0677,-4.0599,-4.4889,0.15,-10.1873,-3.8852,-4.4891,-179.92
75.699,20.2549,0.0,0.0,10.0674,-4.06,-4.4884,0.15,-10.1868,-3.8858,-4.4896,-179.93
75.799,20.26,0.0,0.0,10.0725,-4.0602,-4.488,0.16,-10.1868,-3.8864,-4.4899,-179.94
