absent,cur_x,cur_y,cur_z,d_0_1,d_0_2,d_1_2,episodes,form_err,form_err_present,formation_state,max_drift,modes,p1_ok,p2_ok,t,x0,x1,x2,y0,y1,y2,z0,z1,z2
,0.0,0.25,0.0,7.0002,4.6096,4.6098,0,0.0002,0.0002,OK,0.25,FORMATION_FOLLOW|FORMATION_FOLLOW|FORMATION_FOLLOW,1,1,0.1,-16.0,-16.0,-13.0,-30.498,-37.498,-33.998,-5.0,-5.0,-5.0
,0.0,0.25,0.0,7.0007,4.6101,4.6095,0,0.0005,0.0005,OK,0.25,FORMATION_FOLLOW|FORMATION_FOLLOW|FORMATION_FOLLOW,1,1,0.2,-16.0,-16.0,-13.001,-30.493,-37.493,-33.993,-5.001,-5.002,-5.001
,0.0,0.25,0.0,7.0019,4.6107,4.6092,0,0.0012,0.0012,OK,0.25,FORMATION_FOLLOW|FORMATION_FOLLOW|FORMATION_FOLLOW,1,1,0.3,-16.001,-16.0,-13.001,-30.486,-37.487,-33.987,-5.002,-5.003,-5.002
,0.0,0.25,0.0,7.0039,4.6112,4.6093,0,0.0023,0.0023,OK,0.25,FORMATION_FOLLOW|FORMATION_FOLLOW|FORMATION_FOLLOW,1,1,0.4,-16.001,-16.0,-13.002,-30.477,-37.481,-33.98,-5.004,-5.004,-5.004
,0.0,0.25,0.0,7.0068,4.6113,4.61,0,0.0036,0.0036,OK,0.25,FORMATION_FOLLOW|FORMATION_FOLLOW|FORMATION_FOLLOW,1,1,0.5,-16.001,-16.0,-13.003,-30.467,-37.474,-33.971,-5.006,-5.006,-5.006
,0.0,0.25,0.0,7.0102,4.6114,4.6107,0,0.0054,0.0054,OK,0.25,FORMATION_FOLLOW|FORMATION_FOLLOW|FORMATION_FOLLOW,1,1,0.6,-16.001,-16.0,-13.004,-30.457,-37.467,-33.962,-5.008,-5.007,-5.008
,0.0,0.25,0.0,7.0132,4.6119,4.6114,0,0.007,0.007,OK,0.25,FORMATION_FOLLOW|FORMATION_FOLLOW|FORMATION_FOLLOW,1,1,0.7,-16.001,-16.0,-13.005,-30.446,-37.46,-33.953,-5.011,-5.009,-5.01
,0.0,0.25,0.0,7.0158,4.6127,4.6125,0,0.0083,0.0083,OK,0.25,FORMATION_FOLLOW|FORMATION_FOLLOW|FORMATION_FOLLOW,1,1,0.8,-16.001,-16.0,-13.005,-30.437,-37.452,-33.944,-5.013,-5.011,-5.013
,0.0,0.25,0.0,7.0181,4.6132,4.6141,0,0.0096,0.0096,OK,0.25,FORMATION_FOLLOW|FORMATION_FOLLOW|FORMATION_FOLLOW,1,1,0.9,-16.001,-16.0,-13.005,-30.427,-37.446,-33.936,-5.015,-5.013,-5.015
,0.0,0.25,0.0,7.0201,4.6131,4.6155,0,0.0108,0.0108,OK,0.25,FORMATION_FOLLOW|FORMATION_FOLLOW|FORMATION_FOLLOW,1,1,1.0,-16.0,-16.001,-13.005,-30.419,-37.439,-33.928,-5.018,-5.015,-5.018
,0.0,0.25,0.0,7.0216,4.6125,4.6166,0,0.0118,0.0118,OK,0.25,FORMATION_FOLLOW|FORMATION_FOLLOW|FORMATION_FOLLOW,1,1,1.1,-16.0,-16.001,-13.006,-30.411,-37.433,-33.92,-5.021,-5.017,-5.02
,0.0,0.25,0.0,7.0229,4.6123,4.6174,0,0.0127,0.0127,OK,0.25,FORMATION_FOLLOW|FORMATION_FOLLOW|FORMATION_FOLLOW,1,1,1.2,-16.0,-16.002,-13.006,-30.404,-37.427,-33.913,-5.023,-5.019,-5.023
,0.0,0.25,0.0,7.0241,4.612,4.6181,0,0.0135,0.0135,OK,0.25,FORMATION_FOLLOW|FORMATION_FOLLOW|FORMATION_FOLLOW,1,1,1.3,-16.0,-16.002,-13.007,-30.398,-37.422,-33.907,-5.026,-5.02,-5.025
,0.0,0.25,0.0,7.0246,4.6112,4.6186,0,0.014,0.014,OK,0.25,FORMATION_FOLLOW|FORMATION_FOLLOW|FORMATION_FOLLOW,1,1,1.4,-15.999,-16.003,-13.007,-30.393,-37.417,-33.902,-5.029,-5.022,-5.028
,0.0,0.25,0.0,7.025,4.6105,4.6191,0,0.0145,0.0145,OK,0.25,FORMATION_FOLLOW|FORMATION_FOLLOW|FORMATION_FOLLOW,1,1,1.5,-15.999,-16.003,-13.008,-30.388,-37.413,-33.897,-5.031,-5.024,-5.03
,0.0,0.25,0.0,7.0259,4.6096,4.6198,0,0.0153,0.0153,OK,0.25,FORMATION_FOLLOW|FORMATION_FOLLOW|FORMATION_FOLLOW,1,1,1.6,-15.999,-16.004,-13.009,-30.384,-37.41,-33.892,-5.034,-5.026,-5.032
,0.0,0.25,0.0,7.0267,4.6087,4.6204,0,0.016,0.016,OK,0.25,FORMATION_FOLLOW|FORMATION_FOLLOW|FORMATION_FOLLOW,1,1,1.7,-15.998,-16.004,-13.01,-30.381,-37.407,-33.889,-5.036,-5.027,-5.034
,0.0,0.25,0.0,7.0274,4.6078,4.6208,0,0.0166,0.0166,OK,0.25,FORMATION_FOLLOW|FORMATION_FOLLOW|FORMATION_FOLLOW,1,1,1.8,-15.998,-16.005,-13.01,-30.378,-37.405,-33.885,-5.038,-5.028,-5.035
,0.0,0.25,0.0,7.0285,4.6075,4.6213,0,0.0173,0.0173,OK,0.25,FORMATION_FOLLOW|FORMATION_FOLLOW|FORMATION_FOLLOW,1,1,1.9,-15.998,-16.005,-13.011,-30.375,-37.403,-33.883,-5.04,-5.03,-5.037
,0.0,0.25,0.0,7.0292,4.6072,4.6215,0,0.0177,0.0177,OK,0.25,FORMATION_FOLLOW|FORMATION_FOLLOW|FORMATION_FOLLOW,1,1,2.0,-15.998,-16.005,-13.011,-30.372,-37.401,-33.881,-5.041,-5.031,-5.039
,0.0,0.25,0.0,7.0292,4.6067,4.6215,0,0.0177,0.0177,OK,0.25,FORMATION_FOLLOW|FORMATION_FOLLOW|FORMATION_FOLLOW,1,1,2.1,-15.992,-16.001,-13.007,-30.371,-37.4,-33.879,-5.043,-5.033,-5.04
,0.0,0.25,0.0,7.0287,4.6064,4.6214,0,0.0174,0.0174,OK,0.25,FORMATION_FOLLOW|FORMATION_FOLLOW|FORMATION_FOLLOW,1,1,2.2,-15.98,-15.99,-12.995,-30.37,-37.398,-33.878,-5.044,-5.034,-5.042
,0.0,0.25,0.0,7.0285,4.6058,4.6216,0,0.0174,0.0174,OK,0.25,FORMATION_FOLLOW|FORMATION_FOLLOW|FORMATION_FOLLOW,1,1,2.3,-15.962,-15.973,-12.978,-30.369,-37.397,-33.877,-5.046,-5.035,-5.043
,0.0,0.25,0.0,7.0282,4.6048,4.6222,0,0.0175,0.0175,OK,0.25,FORMATION_FOLLOW|FORMATION_FOLLOW|FORMATION_FOLLOW,1,1,2.4,-15.94,-15.953,-12.957,-30.369,-37.397,-33.877,-5.048,-5.036,-5.044
,0.0,0.25,0.0,7.0276,4.6039,4.6228,0,0.0176,0.0176,OK,0.25,FORMATION_FOLLOW|FORMATION_FOLLOW|FORMATION_FOLLOW,1,1,2.5,-15.914,-15.928,-12.932,-30.369,-37.397,-33.876,-5.049,-5.037,-5.046
,0.0,0.25,0.0,7.0268,4.6032,4.6231,0,0.0175,0.0175,OK,0.25,FORMATION_FOLLOW|FORMATION_FOLLOW|FORMATION_FOLLOW,1,1,2.6,-15.886,-15.901,-12.904,-30.37,-37.396,-33.876,-5.05,-5.038,-5.047
,0.0,0.25,0.0,7.0265,4.603,4.6232,0,0.0176,0.0176,OK,0.25,FORMATION_FOLLOW|FORMATION_FOLLOW|FORMATION_FOLLOW,1,1,2.7,-15.856,-15.871,-12.874,-30.37,-37.397,-33.877,-5.051,-5.039,-5.048
,0.0,0.25,0.0,7.0264,4.6031,4.623,0,0.0176,0.0176,OK,0.25,FORMATION_FOLLOW|FORMATION_FOLLOW|FORMATION_FOLLOW,1,1,2.8,-15.824,-15.839,-12.842,-30.371,-37.397,-33.877,-5.053,-5.04,-5.049
,0.0,0.25,0.0,7.0265,4.6029,4.6227,0,0.0177,0.0177,OK,0.25,FORMATION_FOLLOW|FORMATION_FOLLOW|FORMATION_FOLLOW,1,1,2.9,-15.79,-15.806,-12.809,-30.371,-37.397,-33.878,-5.054,-5.04,-5.05
,0.0,0.25,0.0,7.0266,4.6022,4.6227,0,0.018,0.018,OK,0.25,FORMATION_FOLLOW|FORMATION_FOLLOW|FORMATION_FOLLOW,1,1,3.0,-15.756,-15.772,-12.775,-30.372,-37.398,-33.878,-5.055,-5.041,-5.05
,0.0,0.25,0.0,7.0267,4.6011,4.623,0,0.0182,0.0182,OK,0.25,FORMATION_FOLLOW|FORMATION_FOLLOW|FORMATION_FOLLOW,1,1,3.1,-15.72,-15.737,-12.741,-30.373,-37.399,-33.879,-5.055,-5.041,-5.051
,0.0,0.25,0.0,7.0266,4.6001,4.6227,0,0.0181,0.0181,OK,0.25,FORMATION_FOLLOW|FORMATION_FOLLOW|FORMATION_FOLLOW,1,1,3.2,-15.685,-15.701,-12.706,-30.374,-37.401,-33.879,-5.056,-5.042,-5.051
,0.0,0.25,0.0,7.0269,4.5993,4.6224,0,0.0182,0.0182,OK,0.25,FORMATION_FOLLOW|FORMATION_FOLLOW|FORMATION_FOLLOW,1,1,3.3,-15.649,-15.666,-12.672,-30.375,-37.402,-33.881,-5.056,-5.043,-5.052
,0.0,0.25,0.0,7.0268,4.5988,4.6217,0,0.0183,0.0183,OK,0.25,FORMATION_FOLLOW|FORMATION_FOLLOW|FORMATION_FOLLOW,1,1,3.4,-15.614,-15.631,-12.637,-30.377,-37.404,-33.883,-5.057,-5.043,-5.052
,0.0,0.25,0.0,7.0263,4.5982,4.621,0,0.0183,0.0183,OK,0.25,FORMATION_FOLLOW|FORMATION_FOLLOW|FORMATION_FOLLOW,1,1,3.5,-15.578,-15.595,-12.602,-30.379,-37.406,-33.885,-5.057,-5.044,-5.052
,0.0,0.25,0.0,7.0255,4.5973,4.6207,0,0.0183,0.0183,OK,0.25,FORMATION_FOLLOW|FORMATION_FOLLOW|FORMATION_FOLLOW,1,1,3.6,-15.543,-15.56,-12.568,-30.382,-37.407,-33.887,-5.056,-5.044,-5.052
,0.0,0.25,0.0,7.0243,4.5962,4.6205,0,0.018,0.018,OK,0.25,FORMATION_FOLLOW|FORMATION_FOLLOW|FORMATION_FOLLOW,1,1,3.7,-15.508,-15.526,-12.533,-30.385,-37.409,-33.889,-5.056,-5.045,-5.053
,0.0,0.25,0.0,7.0229,4.5952,4.6204,0,0.0175,0.0175,OK,0.25,FORMATION_FOLLOW|FORMATION_FOLLOW|FORMATION_FOLLOW,1,1,3.8,-15.474,-15.492,-12.499,-30.388,-37.411,-33.89,-5.056,-5.045,-5.053
,0.0,0.25,0.0,7.0224,4.5946,4.6212,0,0.0174,0.0174,OK,0.25,FORMATION_FOLLOW|FORMATION_FOLLOW|FORMATION_FOLLOW,1,1,3.9,-15.439,-15.458,-12.465,-30.39,-37.413,-33.892,-5.056,-5.045,-5.054
,0.0,0.25,0.0,7.0224,4.5939,4.6223,0,0.0173,0.0173,OK,0.25,FORMATION_FOLLOW|FORMATION_FOLLOW|FORMATION_FOLLOW,1,1,4.0,-15.406,-15.425,-12.431,-30.393,-37.415,-33.894,-5.055,-5.045,-5.054
,0.0,0.25,0.0,7.0225,4.5935,4.623,0,0.0171,0.0171,OK,0.25,FORMATION_FOLLOW|FORMATION_FOLLOW|FORMATION_FOLLOW,1,1,4.1,-15.372,-15.392,-12.397,-30.395,-37.418,-33.896,-5.055,-5.045,-5.055
,0.0,0.25,0.0,7.0225,4.5934,4.6235,0,0.017,0.017,OK,0.25,FORMATION_FOLLOW|FORMATION_FOLLOW|FORMATION_FOLLOW,1,1,4.2,-15.339,-15.358,-12.364,-30.398,-37.42,-33.898,-5.055,-5.046,-5.055
,0.0,0.25,0.0,7.0226,4.594,4.6238,0,0.017,0.017,OK,0.25,FORMATION_FOLLOW|FORMATION_FOLLOW|FORMATION_FOLLOW,1,1,4.3,-15.307,-15.326,-12.331,-30.4,-37.423,-33.9,-5.056,-5.046,-5.055
,0.0,0.25,0.0,7.0227,4.5948,4.624,0,0.017,0.017,OK,0.25,FORMATION_FOLLOW|FORMATION_FOLLOW|FORMATION_FOLLOW,1,1,4.4,-15.275,-15.293,-12.298,-30.402,-37.425,-33.902,-5.056,-5.046,-5.056
,0.0,0.25,0.0,7.0226,4.5953,4.6244,0,0.0169,0.0169,OK,0.25,FORMATION_FOLLOW|FORMATION_FOLLOW|FORMATION_FOLLOW,1,1,4.5,-15.243,-15.261,-12.265,-30.404,-37.427,-33.904,-5.056,-5.047,-5.056
,0.0,0.25,0.0,7.0224,4.5957,4.6248,0,0.0167,0.0167,OK,0.25,FORMATION_FOLLOW|FORMATION_FOLLOW|FORMATION_FOLLOW,1,1,4.6,-15.212,-15.229,-12.233,-30.407,-37.429,-33.906,-5.057,-5.048,-5.056
,0.0,0.25,0.0,7.0218,4.5957,4.6251,0,0.0164,0.0164,OK,0.25,FORMATION_FOLLOW|FORMATION_FOLLOW|FORMATION_FOLLOW,1,1,4.7,-15.18,-15.197,-12.2,-30.409,-37.431,-33.908,-5.057,-5.049,-5.057
,0.0,0.25,0.0,7.0216,4.5958,4.6253,0,0.0163,0.0163,OK,0.25,FORMATION_FOLLOW|FORMATION_FOLLOW|FORMATION_FOLLOW,1,1,4.8,-15.15,-15.165,-12.168,-30.412,-37.434,-33.91,-5.057,-5.05,-5.057
,0.0,0.25,0.0,7.0214,4.5962,4.6256,0,0.0162,0.0162,OK,0.25,FORMATION_FOLLOW|FORMATION_FOLLOW|FORMATION_FOLLOW,1,1,4.9,-15.119,-15.133,-12.137,-30.415,-37.436,-33.912,-5.058,-5.05,-5.057
,0.0,0.25,0.0,7.0213,4.5963,4.6267,0,0.0164,0.0164,OK,0.25,FORMATION_FOLLOW|FORMATION_FOLLOW|FORMATION_FOLLOW,1,1,5.0,-15.088,-15.102,-12.105,-30.417,-37.439,-33.914,-5.058,-5.051,-5.057
,0.0,0.25,0.0,7.0212,4.5967,4.6285,0,0.0168,0.0168,OK,0.25,FORMATION_FOLLOW|FORMATION_FOLLOW|FORMATION_FOLLOW,1,1,5.1,-15.058,-15.072,-12.073,-30.42,-37.441,-33.916,-5.058,-5.051,-5.058
,0.0,0.25,0.0,7.0205,4.5971,4.6296,0,0.0167,0.0167,OK,0.25,FORMATION_FOLLOW|FORMATION_FOLLOW|FORMATION_FOLLOW,1,1,5.2,-15.028,-15.042,-12.041,-30.423,-37.443,-33.917,-5.059,-5.052,-5.058
,0.0,0.25,0.0,7.0193,4.5968,4.6307,0,0.0165,0.0165,OK,0.25,FORMATION_FOLLOW|FORMATION_FOLLOW|FORMATION_FOLLOW,1,1,5.3,-14.997,-15.012,-12.01,-30.425,-37.445,-33.919,-5.059,-5.052,-5.058
,0.0,0.25,0.0,7.0184,4.5964,4.6318,0,0.0165,0.0165,OK,0.25,FORMATION_FOLLOW|FORMATION_FOLLOW|FORMATION_FOLLOW,1,1,5.4,-14.968,-14.982,-11.979,-30.428,-37.446,-33.92,-5.059,-5.053,-5.058
,0.0,0.25,0.0,7.0179,4.5962,4.6329,0,0.0166,0.0166,OK,0.25,FORMATION_FOLLOW|FORMATION_FOLLOW|FORMATION_FOLLOW,1,1,5.5,-14.938,-14.953,-11.949,-30.43,-37.448,-33.921,-5.06,-5.053,-5.058
,0.0,0.25,0.0,7.0178,4.5963,4.6337,0,0.0168,0.0168,OK,0.25,FORMATION_FOLLOW|FORMATION_FOLLOW|FORMATION_FOLLOW,1,1,5.6,-14.909,-14.924,-11.919,-30.432,-37.45,-33.923,-5.06,-5.054,-5.058
,0.0,0.25,0.0,7.0184,4.597,4.6343,0,0.0171,0.0171,OK,0.25,FORMATION_FOLLOW|FORMATION_FOLLOW|FORMATION_FOLLOW,1,1,5.7,-14.879,-14.895,-11.889,-30.433,-37.451,-33.924,-5.06,-5.054,-5.058
,0.0,0.25,0.0,7.0195,4.5979,4.6352,0,0.0177,0.0177,OK,0.25,FORMATION_FOLLOW|FORMATION_FOLLOW|FORMATION_FOLLOW,1,1,5.8,-14.85,-14.866,-11.859,-30.434,-37.453,-33.926,-5.06,-5.055,-5.058
,0.0,0.25,0.0,7.02,4.5986,4.6363,0,0.0182,0.0182,OK,0.25,FORMATION_FOLLOW|FORMATION_FOLLOW|FORMATION_FOLLOW,1,1,5.9,-14.82,-14.837,-11.829,-30.435,-37.455,-33.927,-5.061,-5.056,-5.058
,0.0,0.25,0.0,7.0201,4.599,4.6376,0,0.0187,0.0187,OK,0.25,FORMATION_FOLLOW|FORMATION_FOLLOW|FORMATION_FOLLOW,1,1,6.0,-14.791,-14.809,-11.799,-30.436,-37.456,-33.928,-5.061,-5.056,-5.058
,0.0,0.25,0.0,7.0202,4.5993,4.6391,0,0.0193,0.0193,OK,0.25,FORMATION_FOLLOW|FORMATION_FOLLOW|FORMATION_FOLLOW,1,1,6.1,-14.762,-14.781,-11.769,-30.438,-37.458,-33.93,-5.061,-5.056,-5.057
,0.0,0.25,0.0,7.02,4.5995,4.6404,0,0.0198,0.0198,OK,0.25,FORMATION_FOLLOW|FORMATION_FOLLOW|FORMATION_FOLLOW,1,1,6.2,-14.732,-14.752,-11.738,-30.44,-37.46,-33.931,-5.061,-5.056,-5.057
,0.0,0.25,0.0,7.0195,4.5996,4.6417,0,0.0204,0.0204,OK,0.25,FORMATION_FOLLOW|FORMATION_FOLLOW|FORMATION_FOLLOW,1,1,6.3,-14.703,-14.724,-11.708,-30.442,-37.461,-33.933,-5.061,-5.057,-5.057
,0.0,0.25,0.0,7.0192,4.5996,4.6431,0,0.0211,0.0211,OK,0.25,FORMATION_FOLLOW|FORMATION_FOLLOW|FORMATION_FOLLOW,1,1,6.4,-14.673,-14.696,-11.678,-30.444,-37.463,-33.935,-5.061,-5.057,-5.057
,0.0,0.25,0.0,7.0193,4.5994,4.6446,0,0.0219,0.0219,OK,0.25,FORMATION_FOLLOW|FORMATION_FOLLOW|FORMATION_FOLLOW,1,1,6.5,-14.644,-14.668,-11.648,-30.446,-37.465,-33.936,-5.061,-5.057,-5.057
,0.0,0.25,0.0,7.0189,4.5987,4.6457,0,0.0223,0.0223,OK,0.25,FORMATION_FOLLOW|FORMATION_FOLLOW|FORMATION_FOLLOW,1,1,6.6,-14.614,-14.639,-11.618,-30.448,-37.467,-33.938,-5.061,-5.057,-5.057
,0.0,0.25,0.0,7.0181,4.5977,4.6465,0,0.0225,0.0225,OK,0.25,FORMATION_FOLLOW|FORMATION_FOLLOW|FORMATION_FOLLOW,1,1,6.7,-14.584,-14.61,-11.589,-30.451,-37.469,-33.939,-5.061,-5.058,-5.057
,0.0,0.25,0.0,7.0171,4.5965,4.647,0,0.0226,0.0226,OK,0.25,FORMATION_FOLLOW|FORMATION_FOLLOW|FORMATION_FOLLOW,1,1,6.8,-14.554,-14.581,-11.559,-30.453,-37.47,-33.94,-5.061,-5.058,-5.057
,0.0,0.25,0.0,7.016,4.5949,4.6469,0,0.0225,0.0225,OK,0.25,FORMATION_FOLLOW|FORMATION_FOLLOW|FORMATION_FOLLOW,1,1,6.9,-14.524,-14.552,-11.53,-30.456,-37.471,-33.941,-5.06,-5.058,-5.057
,0.0,0.25,0.0,7.0148,4.5931,4.6467,0,0.0223,0.0223,OK,0.25,FORMATION_FOLLOW|FORMATION_FOLLOW|FORMATION_FOLLOW,1,1,7.0,-14.494,-14.522,-11.501,-30.458,-37.473,-33.942,-5.06,-5.057,-5.057
,0.0,0.25,0.0,7.0141,4.5913,4.6471,0,0.0225,0.0225,OK,0.25,FORMATION_FOLLOW|FORMATION_FOLLOW|FORMATION_FOLLOW,1,1,7.1,-14.464,-14.493,-11.472,-30.46,-37.474,-33.943,-5.06,-5.057,-5.056
,0.0,0.25,0.0,7.0135,4.5896,4.6475,0,0.0227,0.0227,OK,0.25,FORMATION_FOLLOW|FORMATION_FOLLOW|FORMATION_FOLLOW,1,1,7.2,-14.434,-14.464,-11.443,-30.462,-37.476,-33.944,-5.06,-5.057,-5.056
,0.0,0.25,0.0,7.0126,4.5881,4.6479,0,0.0229,0.0229,OK,0.25,FORMATION_FOLLOW|FORMATION_FOLLOW|FORMATION_FOLLOW,1,1,7.3,-14.404,-14.435,-11.414,-30.465,-37.477,-33.945,-5.06,-5.056,-5.056
,0.0,0.25,0.0,7.012,4.5865,4.6487,0,0.0231,0.0231,OK,0.25,FORMATION_FOLLOW|FORMATION_FOLLOW|FORMATION_FOLLOW,1,1,7.4,-14.374,-14.406,-11.385,-30.467,-37.479,-33.945,-5.059,-5.056,-5.055
,0.0,0.25,0.0,7.0115,4.5852,4.649,0,0.0232,0.0232,OK,0.25,FORMATION_FOLLOW|FORMATION_FOLLOW|FORMATION_FOLLOW,1,1,7.5,-14.344,-14.376,-11.356,-30.469,-37.48,-33.946,-5.059,-5.055,-5.055
,0.0,0.25,0.0,7.0111,4.5846,4.6487,0,0.0231,0.0231,OK,0.25,FORMATION_FOLLOW|FORMATION_FOLLOW|FORMATION_FOLLOW,1,1,7.6,-14.314,-14.347,-11.326,-30.47,-37.481,-33.947,-5.059,-5.055,-5.054
,0.0,0.25,0.0,7.011,4.5846,4.6483,0,0.0229,0.0229,OK,0.25,FORMATION_FOLLOW|FORMATION_FOLLOW|FORMATION_FOLLOW,1,1,7.7,-14.285,-14.317,-11.297,-30.471,-37.482,-33.948,-5.058,-5.055,-5.054
,0.0,0.25,0.0,7.011,4.5847,4.6478,0,0.0226,0.0226,OK,0.25,FORMATION_FOLLOW|FORMATION_FOLLOW|FORMATION_FOLLOW,1,1,7.8,-14.255,-14.287,-11.267,-30.472,-37.483,-33.95,-5.058,-5.055,-5.054
,0.0,0.25,0.0,7.0109,4.585,4.6467,0,0.0219,0.0219,OK,0.25,FORMATION_FOLLOW|FORMATION_FOLLOW|FORMATION_FOLLOW,1,1,7.9,-14.226,-14.256,-11.238,-30.473,-37.484,-33.951,-5.058,-5.055,-5.054
,0.0,0.25,0.0,7.0109,4.5852,4.6457,0,0.0211,0.0211,OK,0.25,FORMATION_FOLLOW|FORMATION_FOLLOW|FORMATION_FOLLOW,1,1,8.0,-14.197,-14.226,-11.209,-30.475,-37.485,-33.953,-5.058,-5.054,-5.054
,0.0,0.25,0.0,7.011,4.5858,4.6449,0,0.0205,0.0205,OK,0.25,FORMATION_FOLLOW|FORMATION_FOLLOW|FORMATION_FOLLOW,1,1,8.1,-14.168,-14.195,-11.179,-30.476,-37.487,-33.954,-5.058,-5.054,-5.054
,0.0,0.25,0.0,7.0111,4.5863,4.6443,0,0.0199,0.0199,OK,0.25,FORMATION_FOLLOW|FORMATION_FOLLOW|FORMATION_FOLLOW,1,1,8.2,-14.139,-14.165,-11.15,-30.478,-37.489,-33.956,-5.058,-5.053,-5.054
,0.0,0.25,0.0,7.0108,4.5865,4.6432,0,0.0192,0.0192,OK,0.25,FORMATION_FOLLOW|FORMATION_FOLLOW|FORMATION_FOLLOW,1,1,8.3,-14.11,-14.134,-11.121,-30.48,-37.49,-33.958,-5.058,-5.053,-5.054
,0.0,0.25,0.0,7.0105,4.5863,4.642,0,0.0184,0.0184,OK,0.25,FORMATION_FOLLOW|FORMATION_FOLLOW|FORMATION_FOLLOW,1,1,8.4,-14.081,-14.103,-11.091,-30.481,-37.492,-33.96,-5.059,-5.053,-5.055
,0.0,0.25,0.0,7.0107,4.586,4.6411,0,0.0183,0.0183,OK,0.25,FORMATION_FOLLOW|FORMATION_FOLLOW|FORMATION_FOLLOW,1,1,8.5,-14.052,-14.072,-11.062,-30.483,-37.494,-33.961,-5.059,-5.053,-5.055
,0.0,0.25,0.0,7.0109,4.5857,4.6405,0,0.0185,0.0185,OK,0.25,FORMATION_FOLLOW|FORMATION_FOLLOW|FORMATION_FOLLOW,1,1,8.6,-14.022,-14.042,-11.033,-30.484,-37.495,-33.962,-5.06,-5.053,-5.056
,0.0,0.25,0.0,7.0109,4.5854,4.6397,0,0.0185,0.0185,OK,0.25,FORMATION_FOLLOW|FORMATION_FOLLOW|FORMATION_FOLLOW,1,1,8.7,-13.993,-14.012,-11.004,-30.486,-37.497,-33.963,-5.061,-5.053,-5.057
,0.0,0.25,0.0,7.0108,4.5847,4.6392,0,0.0188,0.0188,OK,0.25,FORMATION_FOLLOW|FORMATION_FOLLOW|FORMATION_FOLLOW,1,1,8.8,-13.963,-13.981,-10.975,-30.487,-37.498,-33.964,-5.063,-5.054,-5.058
,0.0,0.25,0.0,7.0109,4.5839,4.6383,0,0.019,0.019,OK,0.25,FORMATION_FOLLOW|FORMATION_FOLLOW|FORMATION_FOLLOW,1,1,8.9,-13.933,-13.951,-10.947,-30.488,-37.499,-33.965,-5.064,-5.054,-5.058
,0.0,0.25,0.0,7.0109,4.5831,4.6373,0,0.0192,0.0192,OK,0.25,FORMATION_FOLLOW|FORMATION_FOLLOW|FORMATION_FOLLOW,1,1,9.0,-13.904,-13.921,-10.918,-30.489,-37.5,-33.966,-5.064,-5.055,-5.059
,0.0,0.25,0.0,7.0105,4.5822,4.6362,0,0.0195,0.0195,OK,0.25,FORMATION_FOLLOW|FORMATION_FOLLOW|FORMATION_FOLLOW,1,1,9.1,-13.874,-13.891,-10.89,-30.49,-37.501,-33.967,-5.065,-5.055,-5.06
,0.0,0.25,0.0,7.0101,4.5812,4.635,0,0.0199,0.0199,OK,0.25,FORMATION_FOLLOW|FORMATION_FOLLOW|FORMATION_FOLLOW,1,1,9.2,-13.844,-13.861,-10.861,-30.492,-37.502,-33.968,-5.065,-5.055,-5.06
,0.0,0.25,0.0,7.0098,4.5799,4.6342,0,0.0205,0.0205,OK,0.25,FORMATION_FOLLOW|FORMATION_FOLLOW|FORMATION_FOLLOW,1,1,9.3,-13.815,-13.83,-10.832,-30.493,-37.503,-33.969,-5.066,-5.055,-5.06
,0.0,0.25,0.0,7.0096,4.5788,4.6333,0,0.021,0.021,OK,0.25,FORMATION_FOLLOW|FORMATION_FOLLOW|FORMATION_FOLLOW,1,1,9.4,-13.785,-13.8,-10.804,-30.494,-37.504,-33.97,-5.066,-5.056,-5.06
,0.0,0.25,0.0,7.009,4.5776,4.6327,0,0.0216,0.0216,OK,0.25,FORMATION_FOLLOW|FORMATION_FOLLOW|FORMATION_FOLLOW,1,1,9.5,-13.755,-13.77,-10.775,-30.496,-37.505,-33.97,-5.066,-5.056,-5.06
,0.0,0.25,0.0,7.0084,4.5763,4.6323,0,0.0222,0.0222,OK,0.25,FORMATION_FOLLOW|FORMATION_FOLLOW|FORMATION_FOLLOW,1,1,9.6,-13.726,-13.741,-10.747,-30.497,-37.505,-33.971,-5.066,-5.056,-5.06
,0.0,0.25,0.0,7.0084,4.5758,4.6323,0,0.0223,0.0223,OK,0.25,FORMATION_FOLLOW|FORMATION_FOLLOW|FORMATION_FOLLOW,1,1,9.7,-13.696,-13.711,-10.717,-30.498,-37.506,-33.971,-5.066,-5.056,-5.06
,0.0,0.25,0.0,7.0086,4.5761,4.6323,0,0.022,0.022,OK,0.25,FORMATION_FOLLOW|FORMATION_FOLLOW|FORMATION_FOLLOW,1,1,9.8,-13.666,-13.682,-10.688,-30.499,-37.507,-33.973,-5.067,-5.056,-5.06
,0.0,0.25,0.0,7.0093,4.5763,4.6326,0,0.0218,0.0218,OK,0.25,FORMATION_FOLLOW|FORMATION_FOLLOW|FORMATION_FOLLOW,1,1,9.9,-13.636,-13.653,-10.658,-30.499,-37.508,-33.974,-5.067,-5.057,-5.06
,0.0,0.25,0.0,7.0108,4.5763,4.6331,0,0.0219,0.0219,OK,0.25,FORMATION_FOLLOW|FORMATION_FOLLOW|FORMATION_FOLLOW,1,1,10.0,-13.606,-13.624,-10.629,-30.5,-37.51,-33.975,-5.067,-5.057,-5.06
,0.0,0.25,0.0,7.013,4.5762,4.634,0,0.0222,0.0222,OK,0.25,FORMATION_FOLLOW|FORMATION_FOLLOW|FORMATION_FOLLOW,1,1,10.1,-13.575,-13.595,-10.6,-30.5,-37.513,-33.976,-5.067,-5.057,-5.06
,0.0,0.25,0.0,7.0152,4.5763,4.635,0,0.0225,0.0225,OK,0.25,FORMATION_FOLLOW|FORMATION_FOLLOW|FORMATION_FOLLOW,1,1,10.2,-13.545,-13.565,-10.57,-30.499,-37.515,-33.977,-5.066,-5.058,-5.06
,0.0,0.25,0.0,7.0174,4.5764,4.636,0,0.0227,0.0227,OK,0.25,FORMATION_FOLLOW|FORMATION_FOLLOW|FORMATION_FOLLOW,1,1,10.3,-13.514,-13.535,-10.541,-30.499,-37.517,-33.978,-5.066,-5.058,-5.061
,0.0,0.25,0.0,7.0195,4.5769,4.6373,0,0.0228,0.0228,OK,0.25,FORMATION_FOLLOW|FORMATION_FOLLOW|FORMATION_FOLLOW,1,1,10.4,-13.484,-13.506,-10.511,-30.499,-37.518,-33.978,-5.066,-5.058,-5.061
,0.0,0.25,0.0,7.0209,4.5772,4.6382,0,0.023,0.023,OK,0.25,FORMATION_FOLLOW|FORMATION_FOLLOW|FORMATION_FOLLOW,1,1,10.5,-13.455,-13.476,-10.481,-30.499,-37.52,-33.978,-5.066,-5.058,-5.061
,0.0,0.25,0.0,7.0219,4.5774,4.6385,0,0.023,0.023,OK,0.25,FORMATION_FOLLOW|FORMATION_FOLLOW|FORMATION_FOLLOW,1,1,10.6,-13.425,-13.447,-10.452,-30.499,-37.521,-33.979,-5.066,-5.058,-5.062
,0.0,0.25,0.0,7.023,4.5776,4.638,0,0.0229,0.0229,OK,0.25,FORMATION_FOLLOW|FORMATION_FOLLOW|FORMATION_FOLLOW,1,1,10.7,-13.395,-13.418,-10.423,-30.499,-37.522,-33.98,-5.066,-5.057,-5.062
,0.0,0.25,0.0,7.0239,4.578,4.6374,0,0.0229,0.0229,OK,0.25,FORMATION_FOLLOW|FORMATION_FOLLOW|FORMATION_FOLLOW,1,1,10.8,-13.365,-13.388,-10.394,-30.498,-37.522,-33.981,-5.065,-5.057,-5.062
,0.0,0.25,0.0,7.0245,4.5788,4.636,0,0.0226,0.0226,OK,0.25,FORMATION_FOLLOW|FORMATION_FOLLOW|FORMATION_FOLLOW,1,1,10.9,-13.335,-13.358,-10.365,-30.498,-37.522,-33.982,-5.065,-5.057,-5.063
,0.0,0.25,0.0,7.0251,4.5795,4.6342,0,0.0223,0.0223,OK,0.25,FORMATION_FOLLOW|FORMATION_FOLLOW|FORMATION_FOLLOW,1,1,11.0,-13.305,-13.328,-10.336,-30.497,-37.522,-33.984,-5.065,-5.057,-5.063
,0.0,0.25,0.0,7.0255,4.5805,4.6323,0,0.0217,0.0217,OK,0.25,FORMATION_FOLLOW|FORMATION_FOLLOW|FORMATION_FOLLOW,1,1,11.1,-13.275,-13.298,-10.307,-30.496,-37.522,-33.985,-5.065,-5.057,-5.062
,0.0,0.25,0.0,7.026,4.5816,4.6305,0,0.0212,0.0212,OK,0.25,FORMATION_FOLLOW|FORMATION_FOLLOW|FORMATION_FOLLOW,1,1,11.2,-13.244,-13.269,-10.277,-30.496,-37.522,-33.987,-5.065,-5.058,-5.063
,0.0,0.25,0.0,7.0258,4.5824,4.6284,0,0.0208,0.0208,OK,0.25,FORMATION_FOLLOW|FORMATION_FOLLOW|FORMATION_FOLLOW,1,1,11.3,-13.214,-13.239,-10.248,-30.495,-37.521,-33.988,-5.065,-5.058,-5.063
,0.0,0.25,0.0,7.0253,4.5831,4.6264,0,0.0214,0.0214,OK,0.25,FORMATION_FOLLOW|FORMATION_FOLLOW|FORMATION_FOLLOW,1,1,11.4,-13.184,-13.209,-10.219,-30.495,-37.52,-33.99,-5.065,-5.058,-5.063
,0.0,0.25,0.0,7.0247,4.584,4.6249,0,0.0218,0.0218,OK,0.25,FORMATION_FOLLOW|FORMATION_FOLLOW|FORMATION_FOLLOW,1,1,11.5,-13.153,-13.179,-10.189,-30.495,-37.519,-33.991,-5.065,-5.059,-5.063
,0.0,0.25,0.0,7.0239,4.5849,4.6231,0,0.022,0.022,OK,0.25,FORMATION_FOLLOW|FORMATION_FOLLOW|FORMATION_FOLLOW,1,1,11.6,-13.123,-13.149,-10.159,-30.495,-37.519,-33.993,-5.065,-5.059,-5.063
,0.0,0.25,0.0,7.0234,4.5859,4.6215,0,0.022,0.022,OK,0.25,FORMATION_FOLLOW|FORMATION_FOLLOW|FORMATION_FOLLOW,1,1,11.7,-13.094,-13.119,-10.13,-30.495,-37.518,-33.994,-5.065,-5.059,-5.063
,0.0,0.25,0.0,7.0233,4.5869,4.6204,0,0.022,0.022,OK,0.25,FORMATION_FOLLOW|FORMATION_FOLLOW|FORMATION_FOLLOW,1,1,11.8,-13.064,-13.09,-10.1,-30.495,-37.518,-33.995,-5.065,-5.059,-5.063
,0.0,0.25,0.0,7.023,4.588,4.6193,0,0.0217,0.0217,OK,0.25,FORMATION_FOLLOW|FORMATION_FOLLOW|FORMATION_FOLLOW,1,1,11.9,-13.035,-13.06,-10.07,-30.494,-37.517,-33.996,-5.065,-5.058,-5.063
,0.0,0.25,0.0,7.0224,4.5889,4.6181,0,0.0217,0.0217,OK,0.25,FORMATION_FOLLOW|FORMATION_FOLLOW|FORMATION_FOLLOW,1,1,12.0,-13.006,-13.03,-10.041,-30.494,-37.516,-33.997,-5.064,-5.058,-5.063
,0.0,0.25,0.0,7.0217,4.5898,4.617,0,0.0216,0.0216,OK,0.25,FORMATION_FOLLOW|FORMATION_FOLLOW|FORMATION_FOLLOW,1,1,12.1,-12.976,-13.001,-10.011,-30.494,-37.515,-33.997,-5.064,-5.059,-5.063
,0.0,0.25,0.0,7.0207,4.5906,4.616,0,0.0214,0.0214,OK,0.25,FORMATION_FOLLOW|FORMATION_FOLLOW|FORMATION_FOLLOW,1,1,12.2,-12.947,-12.972,-9.981,-30.494,-37.514,-33.998,-5.063,-5.059,-5.063
,0.0,0.25,0.0,7.0197,4.5907,4.6154,0,0.0213,0.0213,OK,0.25,FORMATION_FOLLOW|FORMATION_FOLLOW|FORMATION_FOLLOW,1,1,12.3,-12.917,-12.942,-9.952,-30.494,-37.513,-33.998,-5.062,-5.059,-5.063
,0.0,0.25,0.0,7.0191,4.5909,4.6152,0,0.0212,0.0212,OK,0.25,FORMATION_FOLLOW|FORMATION_FOLLOW|FORMATION_FOLLOW,1,1,12.4,-12.888,-12.913,-9.922,-30.494,-37.513,-33.998,-5.062,-5.06,-5.062
,0.0,0.25,0.0,7.0185,4.5909,4.6152,0,0.0212,0.0212,OK,0.25,FORMATION_FOLLOW|FORMATION_FOLLOW|FORMATION_FOLLOW,1,1,12.5,-12.858,-12.884,-9.892,-30.494,-37.512,-33.998,-5.061,-5.06,-5.062
,0.0,0.25,0.0,7.0183,4.5911,4.6155,0,0.0211,0.0211,OK,0.25,FORMATION_FOLLOW|FORMATION_FOLLOW|FORMATION_FOLLOW,1,1,12.6,-12.828,-12.854,-9.862,-30.494,-37.512,-33.998,-5.061,-5.061,-5.062
,0.0,0.25,0.0,7.0185,4.5915,4.6153,0,0.021,0.021,OK,0.25,FORMATION_FOLLOW|FORMATION_FOLLOW|FORMATION_FOLLOW,1,1,12.7,-12.799,-12.824,-9.832,-30.494,-37.512,-33.998,-5.06,-5.061,-5.062
,0.0,0.25,0.0,7.0191,4.5915,4.6156,0,0.021,0.021,OK,0.25,FORMATION_FOLLOW|FORMATION_FOLLOW|FORMATION_FOLLOW,1,1,12.8,-12.769,-12.794,-9.802,-30.494,-37.513,-33.998,-5.06,-5.061,-5.061
,0.0,0.25,0.0,7.0201,4.5915,4.6168,0,0.0209,0.0209,OK,0.25,FORMATION_FOLLOW|FORMATION_FOLLOW|FORMATION_FOLLOW,1,1,12.9,-12.74,-12.765,-9.773,-30.494,-37.514,-33.998,-5.06,-5.061,-5.061
,0.0,0.25,0.0,7.0212,4.5911,4.618,0,0.0208,0.0208,OK,0.25,FORMATION_FOLLOW|FORMATION_FOLLOW|FORMATION_FOLLOW,1,1,13.0,-12.71,-12.735,-9.743,-30.494,-37.515,-33.997,-5.059,-5.061,-5.06
,0.0,0.25,0.0,7.0221,4.5902,4.6194,0,0.0207,0.0207,OK,0.25,FORMATION_FOLLOW|FORMATION_FOLLOW|FORMATION_FOLLOW,1,1,13.1,-12.681,-12.705,-9.713,-30.494,-37.516,-33.997,-5.058,-5.061,-5.059
,0.0,0.25,0.0,7.0228,4.5893,4.6209,0,0.0208,0.0208,OK,0.25,FORMATION_FOLLOW|FORMATION_FOLLOW|FORMATION_FOLLOW,1,1,13.2,-12.65,-12.675,-9.683,-30.495,-37.517,-33.996,-5.058,-5.061,-5.058
,0.0,0.25,0.0,7.0237,4.5883,4.6223,0,0.0212,0.0212,OK,0.25,FORMATION_FOLLOW|FORMATION_FOLLOW|FORMATION_FOLLOW,1,1,13.3,-12.62,-12.645,-9.653,-30.495,-37.519,-33.995,-5.057,-5.061,-5.058
,0.0,0.25,0.0,7.0244,4.5876,4.6237,0,0.0215,0.0215,OK,0.25,FORMATION_FOLLOW|FORMATION_FOLLOW|FORMATION_FOLLOW,1,1,13.4,-12.59,-12.616,-9.623,-30.495,-37.519,-33.995,-5.057,-5.061,-5.057
,0.0,0.25,0.0,7.0246,4.5874,4.6248,0,0.0217,0.0217,OK,0.25,FORMATION_FOLLOW|FORMATION_FOLLOW|FORMATION_FOLLOW,1,1,13.5,-12.559,-12.586,-9.593,-30.495,-37.52,-33.994,-5.057,-5.061,-5.056
,0.0,0.25,0.0,7.0244,4.5872,4.6259,0,0.0215,0.0215,OK,0.25,FORMATION_FOLLOW|FORMATION_FOLLOW|FORMATION_FOLLOW,1,1,13.6,-12.529,-12.557,-9.562,-30.496,-37.52,-33.994,-5.056,-5.061,-5.056
,0.0,0.25,0.0,7.0239,4.5869,4.6269,0,0.0213,0.0213,OK,0.25,FORMATION_FOLLOW|FORMATION_FOLLOW|FORMATION_FOLLOW,1,1,13.7,-12.5,-12.527,-9.532,-30.496,-37.52,-33.994,-5.055,-5.061,-5.056
,0.0,0.25,0.0,7.0233,4.5863,4.628,0,0.0211,0.0211,OK,0.25,FORMATION_FOLLOW|FORMATION_FOLLOW|FORMATION_FOLLOW,1,1,13.8,-12.47,-12.498,-9.502,-30.497,-37.52,-33.993,-5.055,-5.06,-5.056
,0.0,0.25,0.0,7.0228,4.5859,4.6292,0,0.0209,0.0209,OK,0.25,FORMATION_FOLLOW|FORMATION_FOLLOW|FORMATION_FOLLOW,1,1,13.9,-12.44,-12.469,-9.471,-30.497,-37.52,-33.992,-5.055,-5.06,-5.056
,0.0,0.25,0.0,7.0223,4.5854,4.6305,0,0.0206,0.0206,OK,0.25,FORMATION_FOLLOW|FORMATION_FOLLOW|FORMATION_FOLLOW,1,1,14.0,-12.41,-12.439,-9.441,-30.498,-37.52,-33.992,-5.055,-5.059,-5.057
,0.0,0.25,0.0,7.0211,4.5845,4.6314,0,0.0204,0.0204,OK,0.25,FORMATION_FOLLOW|FORMATION_FOLLOW|FORMATION_FOLLOW,1,1,14.1,-12.381,-12.41,-9.411,-30.499,-37.52,-33.991,-5.055,-5.059,-5.057
,0.0,0.25,0.0,7.0202,4.5836,4.632,0,0.0204,0.0204,OK,0.25,FORMATION_FOLLOW|FORMATION_FOLLOW|FORMATION_FOLLOW,1,1,14.2,-12.351,-12.381,-9.381,-30.499,-37.519,-33.99,-5.055,-5.059,-5.057
,0.0,0.25,0.0,7.0196,4.5829,4.6328,0,0.0205,0.0205,OK,0.25,FORMATION_FOLLOW|FORMATION_FOLLOW|FORMATION_FOLLOW,1,1,14.3,-12.321,-12.352,-9.351,-30.499,-37.519,-33.99,-5.055,-5.058,-5.058
,0.0,0.25,0.0,7.0192,4.5831,4.6331,0,0.0207,0.0207,OK,0.25,FORMATION_FOLLOW|FORMATION_FOLLOW|FORMATION_FOLLOW,1,1,14.4,-12.291,-12.322,-9.321,-30.5,-37.519,-33.99,-5.055,-5.058,-5.058
,0.0,0.25,0.0,7.0188,4.5835,4.6332,0,0.0207,0.0207,OK,0.25,FORMATION_FOLLOW|FORMATION_FOLLOW|FORMATION_FOLLOW,1,1,14.5,-12.261,-12.293,-9.29,-30.499,-37.518,-33.99,-5.055,-5.059,-5.058
,0.0,0.25,0.0,7.0183,4.584,4.6336,0,0.0206,0.0206,OK,0.25,FORMATION_FOLLOW|FORMATION_FOLLOW|FORMATION_FOLLOW,1,1,14.6,-12.232,-12.264,-9.26,-30.499,-37.518,-33.99,-5.055,-5.059,-5.058
,0.0,0.25,0.0,7.0175,4.5847,4.634,0,0.0204,0.0204,OK,0.25,FORMATION_FOLLOW|FORMATION_FOLLOW|FORMATION_FOLLOW,1,1,14.7,-12.202,-12.235,-9.23,-30.499,-37.517,-33.99,-5.055,-5.059,-5.058
,0.0,0.25,0.0,7.017,4.5852,4.6343,0,0.0204,0.0204,OK,0.25,FORMATION_FOLLOW|FORMATION_FOLLOW|FORMATION_FOLLOW,1,1,14.8,-12.173,-12.206,-9.199,-30.499,-37.516,-33.99,-5.055,-5.059,-5.058
,0.0,0.25,0.0,7.017,4.5859,4.6344,0,0.0206,0.0206,OK,0.25,FORMATION_FOLLOW|FORMATION_FOLLOW|FORMATION_FOLLOW,1,1,14.9,-12.143,-12.177,-9.169,-30.499,-37.516,-33.991,-5.055,-5.06,-5.057
,0.0,0.25,0.0,7.0168,4.5863,4.634,0,0.021,0.021,OK,0.25,FORMATION_FOLLOW|FORMATION_FOLLOW|FORMATION_FOLLOW,1,1,15.0,-12.113,-12.148,-9.14,-30.5,-37.516,-33.992,-5.055,-5.06,-5.057
,0.0,0.25,0.0,7.0164,4.5865,4.6335,0,0.0214,0.0214,OK,0.25,FORMATION_FOLLOW|FORMATION_FOLLOW|FORMATION_FOLLOW,1,1,15.1,-12.083,-12.119,-9.11,-30.5,-37.516,-33.992,-5.054,-5.061,-5.057
,0.0,0.25,0.0,7.0169,4.5869,4.6332,0,0.0218,0.0218,OK,0.25,FORMATION_FOLLOW|FORMATION_FOLLOW|FORMATION_FOLLOW,1,1,15.2,-12.053,-12.09,-9.081,-30.499,-37.516,-33.993,-5.053,-5.061,-5.056
,0.0,0.25,0.0,7.0176,4.5877,4.6332,0,0.0222,0.0222,OK,0.25,FORMATION_FOLLOW|FORMATION_FOLLOW|FORMATION_FOLLOW,1,1,15.3,-12.024,-12.06,-9.051,-30.499,-37.516,-33.993,-5.053,-5.062,-5.056
,0.0,0.25,0.0,7.0178,4.5887,4.6332,0,0.0223,0.0223,OK,0.25,FORMATION_FOLLOW|FORMATION_FOLLOW|FORMATION_FOLLOW,1,1,15.4,-11.994,-12.031,-9.021,-30.499,-37.516,-33.994,-5.052,-5.063,-5.056
,0.0,0.25,0.0,7.0176,4.5898,4.633,0,0.0218,0.0218,OK,0.25,FORMATION_FOLLOW|FORMATION_FOLLOW|FORMATION_FOLLOW,1,1,15.5,-11.965,-12.002,-8.991,-30.499,-37.516,-33.994,-5.053,-5.063,-5.056
,0.0,0.25,0.0,7.0174,4.5909,4.6334,0,0.0213,0.0213,OK,0.25,FORMATION_FOLLOW|FORMATION_FOLLOW|FORMATION_FOLLOW,1,1,15.6,-11.936,-11.972,-8.961,-30.499,-37.516,-33.995,-5.053,-5.063,-5.056
,0.0,0.25,0.0,7.0172,4.5916,4.6337,0,0.0214,0.0214,OK,0.25,FORMATION_FOLLOW|FORMATION_FOLLOW|FORMATION_FOLLOW,1,1,15.7,-11.907,-11.943,-8.931,-30.499,-37.516,-33.995,-5.053,-5.063,-5.056
,0.0,0.25,0.0,7.0171,4.5923,4.6341,0,0.0213,0.0213,OK,0.25,FORMATION_FOLLOW|FORMATION_FOLLOW|FORMATION_FOLLOW,1,1,15.8,-11.878,-11.913,-8.9,-30.499,-37.516,-33.996,-5.053,-5.063,-5.056
,0.0,0.25,0.0,7.0169,4.5929,4.6345,0,0.0213,0.0213,OK,0.25,FORMATION_FOLLOW|FORMATION_FOLLOW|FORMATION_FOLLOW,1,1,15.9,-11.848,-11.883,-8.87,-30.5,-37.517,-33.996,-5.053,-5.062,-5.056
,0.0,0.25,0.0,7.0166,4.5936,4.6345,0,0.021,0.021,OK,0.25,FORMATION_FOLLOW|FORMATION_FOLLOW|FORMATION_FOLLOW,1,1,16.0,-11.819,-11.854,-8.839,-30.5,-37.517,-33.996,-5.053,-5.062,-5.057
,0.0,0.25,0.0,7.0162,4.5939,4.6346,0,0.0209,0.0209,OK,0.25,FORMATION_FOLLOW|FORMATION_FOLLOW|FORMATION_FOLLOW,1,1,16.1,-11.79,-11.824,-8.809,-30.501,-37.517,-33.997,-5.052,-5.062,-5.057
,0.0,0.25,0.0,7.0159,4.5942,4.6348,0,0.0209,0.0209,OK,0.25,FORMATION_FOLLOW|FORMATION_FOLLOW|FORMATION_FOLLOW,1,1,16.2,-11.76,-11.795,-8.779,-30.501,-37.517,-33.997,-5.052,-5.062,-5.058
,0.0,0.25,0.0,7.0159,4.5946,4.6352,0,0.0208,0.0208,OK,0.25,FORMATION_FOLLOW|FORMATION_FOLLOW|FORMATION_FOLLOW,1,1,16.3,-11.731,-11.765,-8.749,-30.501,-37.517,-33.997,-5.052,-5.061,-5.058
,0.0,0.25,0.0,7.0159,4.595,4.6364,0,0.021,0.021,OK,0.25,FORMATION_FOLLOW|FORMATION_FOLLOW|FORMATION_FOLLOW,1,1,16.4,-11.702,-11.735,-8.719,-30.502,-37.518,-33.997,-5.051,-5.061,-5.059
,0.0,0.25,0.0,7.0164,4.5957,4.638,0,0.0215,0.0215,OK,0.25,FORMATION_FOLLOW|FORMATION_FOLLOW|FORMATION_FOLLOW,1,1,16.5,-11.672,-11.705,-8.688,-30.502,-37.519,-33.997,-5.051,-5.06,-5.059
,0.0,0.25,0.0,7.0167,4.5966,4.6396,0,0.0218,0.0218,OK,0.25,FORMATION_FOLLOW|FORMATION_FOLLOW|FORMATION_FOLLOW,1,1,16.6,-11.643,-11.676,-8.656,-30.503,-37.52,-33.997,-5.051,-5.059,-5.059
,0.0,0.25,0.0,7.0167,4.5973,4.6411,0,0.022,0.022,OK,0.25,FORMATION_FOLLOW|FORMATION_FOLLOW|FORMATION_FOLLOW,1,1,16.7,-11.614,-11.646,-8.625,-30.504,-37.52,-33.997,-5.051,-5.059,-5.059
,0.0,0.25,0.0,7.0165,4.5979,4.6425,0,0.0221,0.0221,OK,0.25,FORMATION_FOLLOW|FORMATION_FOLLOW|FORMATION_FOLLOW,1,1,16.8,-11.586,-11.616,-8.594,-30.505,-37.521,-33.997,-5.051,-5.059,-5.059
,0.0,0.25,0.0,7.0164,4.5985,4.6436,0,0.0221,0.0221,OK,0.25,FORMATION_FOLLOW|FORMATION_FOLLOW|FORMATION_FOLLOW,1,1,16.9,-11.557,-11.586,-8.564,-30.506,-37.522,-33.996,-5.051,-5.059,-5.059
,0.0,0.25,0.0,7.0156,4.5986,4.6445,0,0.022,0.022,OK,0.25,FORMATION_FOLLOW|FORMATION_FOLLOW|FORMATION_FOLLOW,1,1,17.0,-11.528,-11.555,-8.533,-30.507,-37.522,-33.996,-5.05,-5.059,-5.058
,0.0,0.25,0.0,7.015,4.5982,4.646,0,0.0222,0.0222,OK,0.25,FORMATION_FOLLOW|FORMATION_FOLLOW|FORMATION_FOLLOW,1,1,17.1,-11.498,-11.525,-8.502,-30.508,-37.523,-33.995,-5.05,-5.059,-5.058
,0.0,0.25,0.0,7.0145,4.5978,4.6476,0,0.0226,0.0226,OK,0.25,FORMATION_FOLLOW|FORMATION_FOLLOW|FORMATION_FOLLOW,1,1,17.2,-11.469,-11.495,-8.47,-30.509,-37.523,-33.995,-5.049,-5.059,-5.058
,0.0,0.25,0.0,7.0141,4.5976,4.6492,0,0.0229,0.0229,OK,0.25,FORMATION_FOLLOW|FORMATION_FOLLOW|FORMATION_FOLLOW,1,1,17.3,-11.439,-11.465,-8.439,-30.51,-37.524,-33.994,-5.049,-5.059,-5.058
,0.0,0.25,0.0,7.0139,4.5975,4.6507,0,0.0232,0.0232,OK,0.25,FORMATION_FOLLOW|FORMATION_FOLLOW|FORMATION_FOLLOW,1,1,17.4,-11.41,-11.435,-8.409,-30.511,-37.525,-33.994,-5.049,-5.059,-5.058
,0.0,0.25,0.0,7.0141,4.5973,4.6525,0,0.0237,0.0237,OK,0.25,FORMATION_FOLLOW|FORMATION_FOLLOW|FORMATION_FOLLOW,1,1,17.5,-11.38,-11.405,-8.378,-30.512,-37.526,-33.993,-5.049,-5.058,-5.058
,0.0,0.25,0.0,7.0151,4.5978,4.654,0,0.0244,0.0244,OK,0.25,FORMATION_FOLLOW|FORMATION_FOLLOW|FORMATION_FOLLOW,1,1,17.6,-11.35,-11.375,-8.347,-30.512,-37.527,-33.993,-5.05,-5.058,-5.058
,0.0,0.25,0.0,7.0163,4.5981,4.6556,0,0.0251,0.0251,OK,0.25,FORMATION_FOLLOW|FORMATION_FOLLOW|FORMATION_FOLLOW,1,1,17.7,-11.32,-11.345,-8.316,-30.512,-37.528,-33.993,-5.05,-5.058,-5.058
,0.0,0.25,0.0,7.0171,4.5977,4.6571,0,0.0257,0.0257,OK,0.25,FORMATION_FOLLOW|FORMATION_FOLLOW|FORMATION_FOLLOW,1,1,17.8,-11.291,-11.315,-8.286,-30.512,-37.529,-33.992,-5.051,-5.059,-5.058
,0.0,0.25,0.0,7.0178,4.5972,4.6581,0,0.0261,0.0261,OK,0.25,FORMATION_FOLLOW|FORMATION_FOLLOW|FORMATION_FOLLOW,1,1,17.9,-11.261,-11.285,-8.256,-30.512,-37.53,-33.991,-5.051,-5.059,-5.059
,0.0,0.25,0.0,7.0186,4.5968,4.6594,0,0.0268,0.0268,OK,0.25,FORMATION_FOLLOW|FORMATION_FOLLOW|FORMATION_FOLLOW,1,1,18.0,-11.231,-11.255,-8.226,-30.512,-37.531,-33.991,-5.052,-5.059,-5.059
,0.0,0.25,0.0,7.0192,4.5964,4.6609,0,0.0275,0.0275,OK,0.25,FORMATION_FOLLOW|FORMATION_FOLLOW|FORMATION_FOLLOW,1,1,18.1,-11.201,-11.226,-8.195,-30.513,-37.532,-33.991,-5.053,-5.06,-5.058
,0.0,0.25,0.0,7.0191,4.5957,4.6615,0,0.0277,0.0277,OK,0.25,FORMATION_FOLLOW|FORMATION_FOLLOW|FORMATION_FOLLOW,1,1,18.2,-11.17,-11.196,-8.165,-30.514,-37.533,-33.991,-5.054,-5.06,-5.058
,0.0,0.25,0.0,7.0188,4.5952,4.662,0,0.0276,0.0276,OK,0.25,FORMATION_FOLLOW|FORMATION_FOLLOW|FORMATION_FOLLOW,1,1,18.3,-11.141,-11.165,-8.135,-30.515,-37.534,-33.991,-5.055,-5.06,-5.058
,0.0,0.25,0.0,7.0189,4.5945,4.6626,0,0.0276,0.0276,OK,0.25,FORMATION_FOLLOW|FORMATION_FOLLOW|FORMATION_FOLLOW,1,1,18.4,-11.111,-11.135,-8.105,-30.516,-37.535,-33.991,-5.055,-5.06,-5.057
,0.0,0.25,0.0,7.0186,4.5936,4.6631,0,0.0276,0.0276,OK,0.25,FORMATION_FOLLOW|FORMATION_FOLLOW|FORMATION_FOLLOW,1,1,18.5,-11.081,-11.104,-8.075,-30.517,-37.536,-33.99,-5.055,-5.06,-5.057
,0.0,0.25,0.0,7.0185,4.5928,4.6633,0,0.0275,0.0275,OK,0.25,FORMATION_FOLLOW|FORMATION_FOLLOW|FORMATION_FOLLOW,1,1,18.6,-11.051,-11.073,-8.045,-30.518,-37.536,-33.99,-5.055,-5.06,-5.057
,0.0,0.25,0.0,7.0181,4.5924,4.6628,0,0.0274,0.0274,OK,0.25,FORMATION_FOLLOW|FORMATION_FOLLOW|FORMATION_FOLLOW,1,1,18.7,-11.022,-11.043,-8.015,-30.519,-37.537,-33.99,-5.055,-5.06,-5.057
,0.0,0.25,0.0,7.018,4.5922,4.662,0,0.0274,0.0274,OK,0.25,FORMATION_FOLLOW|FORMATION_FOLLOW|FORMATION_FOLLOW,1,1,18.8,-10.993,-11.012,-7.986,-30.519,-37.537,-33.991,-5.055,-5.06,-5.056
,0.0,0.25,0.0,7.0179,4.5922,4.6611,0,0.0273,0.0273,OK,0.25,FORMATION_FOLLOW|FORMATION_FOLLOW|FORMATION_FOLLOW,1,1,18.9,-10.964,-10.981,-7.957,-30.52,-37.538,-33.991,-5.055,-5.059,-5.056
,0.0,0.25,0.0,7.0178,4.5923,4.6602,0,0.027,0.027,OK,0.25,FORMATION_FOLLOW|FORMATION_FOLLOW|FORMATION_FOLLOW,1,1,19.0,-10.935,-10.951,-7.928,-30.52,-37.538,-33.991,-5.056,-5.06,-5.056
,0.0,0.25,0.0,7.0178,4.5927,4.6597,0,0.027,0.027,OK,0.25,FORMATION_FOLLOW|FORMATION_FOLLOW|FORMATION_FOLLOW,1,1,19.1,-10.906,-10.921,-7.899,-30.52,-37.538,-33.992,-5.056,-5.059,-5.057
,0.0,0.25,0.0,7.0176,4.5932,4.6593,0,0.027,0.027,OK,0.25,FORMATION_FOLLOW|FORMATION_FOLLOW|FORMATION_FOLLOW,1,1,19.2,-10.877,-10.891,-7.869,-30.521,-37.538,-33.992,-5.056,-5.059,-5.057
,0.0,0.25,0.0,7.0175,4.5937,4.6588,0,0.027,0.027,OK,0.25,FORMATION_FOLLOW|FORMATION_FOLLOW|FORMATION_FOLLOW,1,1,19.3,-10.849,-10.861,-7.84,-30.521,-37.538,-33.992,-5.056,-5.059,-5.057
,0.0,0.25,0.0,7.017,4.594,4.6586,0,0.0272,0.0272,OK,0.25,FORMATION_FOLLOW|FORMATION_FOLLOW|FORMATION_FOLLOW,1,1,19.4,-10.819,-10.831,-7.81,-30.521,-37.538,-33.992,-5.056,-5.058,-5.058
,0.0,0.25,0.0,7.0159,4.5941,4.6583,0,0.0273,0.0273,OK,0.25,FORMATION_FOLLOW|FORMATION_FOLLOW|FORMATION_FOLLOW,1,1,19.5,-10.79,-10.8,-7.779,-30.522,-37.538,-33.992,-5.056,-5.058,-5.058
,0.0,0.25,0.0,7.0153,4.5944,4.658,0,0.0273,0.0273,OK,0.25,FORMATION_FOLLOW|FORMATION_FOLLOW|FORMATION_FOLLOW,1,1,19.6,-10.76,-10.77,-7.749,-30.522,-37.538,-33.992,-5.056,-5.058,-5.059
,0.0,0.25,0.0,7.0149,4.5946,4.6578,0,0.0274,0.0274,OK,0.25,FORMATION_FOLLOW|FORMATION_FOLLOW|FORMATION_FOLLOW,1,1,19.7,-10.73,-10.739,-7.718,-30.523,-37.538,-33.993,-5.057,-5.058,-5.059
,0.0,0.25,0.0,7.0148,4.5949,4.6576,0,0.0273,0.0273,OK,0.25,FORMATION_FOLLOW|FORMATION_FOLLOW|FORMATION_FOLLOW,1,1,19.8,-10.7,-10.709,-7.688,-30.523,-37.538,-33.993,-5.057,-5.058,-5.059
,0.0,0.25,0.0,7.015,4.5951,4.6574,0,0.0271,0.0271,OK,0.25,FORMATION_FOLLOW|FORMATION_FOLLOW|FORMATION_FOLLOW,1,1,19.9,-10.669,-10.678,-7.657,-30.523,-37.538,-33.993,-5.058,-5.057,-5.059
,0.0,0.25,0.0,7.0152,4.5954,4.6575,0,0.0272,0.0272,OK,0.25,FORMATION_FOLLOW|FORMATION_FOLLOW|FORMATION_FOLLOW,1,1,20.0,-10.639,-10.647,-7.626,-30.523,-37.538,-33.993,-5.059,-5.057,-5.059
,0.0,0.25,0.0,7.0158,4.5959,4.6577,0,0.0272,0.0272,OK,0.25,FORMATION_FOLLOW|FORMATION_FOLLOW|FORMATION_FOLLOW,1,1,20.1,-10.608,-10.617,-7.596,-30.522,-37.538,-33.993,-5.059,-5.057,-5.059
,0.0,0.25,0.0,7.0166,4.5961,4.6579,0,0.0271,0.0271,OK,0.25,FORMATION_FOLLOW|FORMATION_FOLLOW|FORMATION_FOLLOW,1,1,20.2,-10.577,-10.586,-7.565,-30.521,-37.538,-33.993,-5.06,-5.057,-5.059
,0.0,0.25,0.0,7.0174,4.5964,4.6589,0,0.0275,0.0275,OK,0.25,FORMATION_FOLLOW|FORMATION_FOLLOW|FORMATION_FOLLOW,1,1,20.3,-10.547,-10.555,-7.534,-30.52,-37.538,-33.992,-5.06,-5.056,-5.059
,0.0,0.25,0.0,7.0183,4.5963,4.6605,0,0.0284,0.0284,OK,0.25,FORMATION_FOLLOW|FORMATION_FOLLOW|FORMATION_FOLLOW,1,1,20.4,-10.516,-10.525,-7.503,-30.52,-37.538,-33.991,-5.06,-5.056,-5.059
,0.0,0.25,0.0,7.0186,4.5959,4.6624,0,0.0294,0.0294,OK,0.25,FORMATION_FOLLOW|FORMATION_FOLLOW|FORMATION_FOLLOW,1,1,20.5,-10.486,-10.495,-7.472,-30.52,-37.538,-33.989,-5.061,-5.056,-5.06
,0.0,0.25,0.0,7.0186,4.5955,4.6642,0,0.0304,0.0304,OK,0.25,FORMATION_FOLLOW|FORMATION_FOLLOW|FORMATION_FOLLOW,1,1,20.6,-10.455,-10.465,-7.44,-30.52,-37.538,-33.988,-5.061,-5.056,-5.06
,0.0,0.25,0.0,7.0179,4.595,4.6659,0,0.0314,0.0314,OK,0.25,FORMATION_FOLLOW|FORMATION_FOLLOW|FORMATION_FOLLOW,1,1,20.7,-10.425,-10.436,-7.409,-30.52,-37.537,-33.986,-5.061,-5.056,-5.06
,0.0,0.25,0.0,7.0168,4.5946,4.6675,0,0.0324,0.0324,OK,0.25,FORMATION_FOLLOW|FORMATION_FOLLOW|FORMATION_FOLLOW,1,1,20.8,-10.395,-10.407,-7.378,-30.52,-37.537,-33.985,-5.061,-5.056,-5.06
,0.0,0.25,0.0,7.0161,4.5944,4.669,0,0.0333,0.0333,OK,0.25,FORMATION_FOLLOW|FORMATION_FOLLOW|FORMATION_FOLLOW,1,1,20.9,-10.365,-10.378,-7.348,-30.52,-37.536,-33.984,-5.061,-5.056,-5.061
,0.0,0.25,0.0,7.0154,4.5943,4.6699,0,0.034,0.034,OK,0.25,FORMATION_FOLLOW|FORMATION_FOLLOW|FORMATION_FOLLOW,1,1,21.0,-10.336,-10.349,-7.317,-30.52,-37.536,-33.984,-5.061,-5.056,-5.061
,0.0,0.25,0.0,7.0146,4.5941,4.6702,0,0.0342,0.0342,OK,0.25,FORMATION_FOLLOW|FORMATION_FOLLOW|FORMATION_FOLLOW,1,1,21.1,-10.306,-10.32,-7.287,-30.521,-37.536,-33.984,-5.06,-5.056,-5.061
,0.0,0.25,0.0,7.0138,4.5937,4.67,0,0.0343,0.0343,OK,0.25,FORMATION_FOLLOW|FORMATION_FOLLOW|FORMATION_FOLLOW,1,1,21.2,-10.276,-10.29,-7.257,-30.522,-37.536,-33.984,-5.06,-5.056,-5.061
,0.0,0.25,0.0,7.0131,4.5935,4.6697,0,0.0343,0.0343,OK,0.25,FORMATION_FOLLOW|FORMATION_FOLLOW|FORMATION_FOLLOW,1,1,21.3,-10.246,-10.26,-7.228,-30.522,-37.536,-33.985,-5.059,-5.056,-5.061
,0.0,0.25,0.0,7.0127,4.5938,4.6695,0,0.0343,0.0343,OK,0.25,FORMATION_FOLLOW|FORMATION_FOLLOW|FORMATION_FOLLOW,1,1,21.4,-10.217,-10.23,-7.197,-30.523,-37.535,-33.985,-5.059,-5.056,-5.06
,0.0,0.25,0.0,7.0125,4.5941,4.6696,0,0.0344,0.0344,OK,0.25,FORMATION_FOLLOW|FORMATION_FOLLOW|FORMATION_FOLLOW,1,1,21.5,-10.187,-10.2,-7.167,-30.523,-37.535,-33.985,-5.058,-5.056,-5.06
,0.0,0.25,0.0,7.012,4.5944,4.6697,0,0.0347,0.0347,OK,0.25,FORMATION_FOLLOW|FORMATION_FOLLOW|FORMATION_FOLLOW,1,1,21.6,-10.158,-10.171,-7.137,-30.523,-37.535,-33.985,-5.058,-5.056,-5.06
,0.0,0.25,0.0,7.0115,4.5946,4.6701,0,0.035,0.035,OK,0.25,FORMATION_FOLLOW|FORMATION_FOLLOW|FORMATION_FOLLOW,1,1,21.7,-10.128,-10.141,-7.107,-30.523,-37.535,-33.984,-5.058,-5.056,-5.059
,0.0,0.25,0.0,7.0114,4.5949,4.671,0,0.0355,0.0355,OK,0.25,FORMATION_FOLLOW|FORMATION_FOLLOW|FORMATION_FOLLOW,1,1,21.8,-10.098,-10.111,-7.076,-30.523,-37.535,-33.984,-5.058,-5.056,-5.059
,0.0,0.25,0.0,7.0117,4.5954,4.6723,0,0.0362,0.0362,OK,0.25,FORMATION_FOLLOW|FORMATION_FOLLOW|FORMATION_FOLLOW,1,1,21.9,-10.069,-10.082,-7.045,-30.523,-37.535,-33.984,-5.058,-5.055,-5.059
,0.0,0.25,0.0,7.0124,4.5962,4.6736,0,0.037,0.037,OK,0.25,FORMATION_FOLLOW|FORMATION_FOLLOW|FORMATION_FOLLOW,1,1,22.0,-10.039,-10.052,-7.014,-30.523,-37.536,-33.984,-5.058,-5.055,-5.059
,0.0,0.25,0.0,7.0131,4.5972,4.6745,0,0.0374,0.0374,OK,0.25,FORMATION_FOLLOW|FORMATION_FOLLOW|FORMATION_FOLLOW,1,1,22.1,-10.009,-10.022,-6.983,-30.523,-37.536,-33.984,-5.059,-5.055,-5.058
,0.0,0.25,0.0,7.0137,4.5984,4.6751,0,0.0375,0.0375,OK,0.25,FORMATION_FOLLOW|FORMATION_FOLLOW|FORMATION_FOLLOW,1,1,22.2,-9.979,-9.992,-6.952,-30.523,-37.536,-33.984,-5.059,-5.054,-5.058
,0.0,0.25,0.0,7.0141,4.5996,4.6759,0,0.0376,0.0376,OK,0.25,FORMATION_FOLLOW|FORMATION_FOLLOW|FORMATION_FOLLOW,1,1,22.3,-9.949,-9.963,-6.921,-30.522,-37.536,-33.985,-5.06,-5.054,-5.058
,0.0,0.25,0.0,7.0144,4.6008,4.6764,0,0.0376,0.0376,OK,0.25,FORMATION_FOLLOW|FORMATION_FOLLOW|FORMATION_FOLLOW,1,1,22.4,-9.919,-9.934,-6.891,-30.522,-37.536,-33.985,-5.06,-5.053,-5.057
,0.0,0.25,0.0,7.0149,4.602,4.6769,0,0.0376,0.0376,OK,0.25,FORMATION_FOLLOW|FORMATION_FOLLOW|FORMATION_FOLLOW,1,1,22.5,-9.889,-9.905,-6.86,-30.521,-37.536,-33.986,-5.061,-5.053,-5.057
,0.0,0.25,0.0,7.0158,4.6033,4.6777,0,0.0377,0.0377,OK,0.25,FORMATION_FOLLOW|FORMATION_FOLLOW|FORMATION_FOLLOW,1,1,22.6,-9.859,-9.876,-6.83,-30.521,-37.536,-33.987,-5.062,-5.053,-5.056
,0.0,0.25,0.0,7.0171,4.6043,4.6788,0,0.0378,0.0378,OK,0.25,FORMATION_FOLLOW|FORMATION_FOLLOW|FORMATION_FOLLOW,1,1,22.7,-9.829,-9.847,-6.799,-30.52,-37.537,-33.987,-5.063,-5.052,-5.056
,0.0,0.25,0.0,7.0181,4.605,4.68,0,0.0381,0.0381,OK,0.25,FORMATION_FOLLOW|FORMATION_FOLLOW|FORMATION_FOLLOW,1,1,22.8,-9.799,-9.818,-6.769,-30.519,-37.537,-33.987,-5.063,-5.052,-5.055
,0.0,0.25,0.0,7.0186,4.6052,4.6812,0,0.0385,0.0385,OK,0.25,FORMATION_FOLLOW|FORMATION_FOLLOW|FORMATION_FOLLOW,1,1,22.9,-9.768,-9.789,-6.738,-30.519,-37.537,-33.987,-5.063,-5.052,-5.055
,0.0,0.25,0.0,7.0186,4.6047,4.6819,0,0.0388,0.0388,OK,0.25,FORMATION_FOLLOW|FORMATION_FOLLOW|FORMATION_FOLLOW,1,1,23.0,-9.738,-9.76,-6.709,-30.519,-37.537,-33.986,-5.063,-5.051,-5.054
,0.0,0.25,0.0,7.0185,4.6042,4.6823,0,0.039,0.039,OK,0.25,FORMATION_FOLLOW|FORMATION_FOLLOW|FORMATION_FOLLOW,1,1,23.1,-9.708,-9.73,-6.679,-30.519,-37.537,-33.986,-5.064,-5.051,-5.054
,0.0,0.25,0.0,7.0182,4.6037,4.6824,0,0.0391,0.0391,OK,0.25,FORMATION_FOLLOW|FORMATION_FOLLOW|FORMATION_FOLLOW,1,1,23.2,-9.678,-9.701,-6.649,-30.519,-37.537,-33.985,-5.064,-5.051,-5.053
,0.0,0.25,0.0,7.0177,4.603,4.6824,0,0.0393,0.0393,OK,0.25,FORMATION_FOLLOW|FORMATION_FOLLOW|FORMATION_FOLLOW,1,1,23.3,-9.648,-9.67,-6.619,-30.519,-37.537,-33.985,-5.064,-5.051,-5.053
,0.0,0.25,0.0,7.0166,4.6023,4.6825,0,0.0396,0.0396,OK,0.25,FORMATION_FOLLOW|FORMATION_FOLLOW|FORMATION_FOLLOW,1,1,23.4,-9.618,-9.64,-6.589,-30.52,-37.536,-33.984,-5.065,-5.052,-5.053
,0.0,0.25,0.0,7.0151,4.6014,4.6829,0,0.0403,0.0403,OK,0.25,FORMATION_FOLLOW|FORMATION_FOLLOW|FORMATION_FOLLOW,1,1,23.5,-9.588,-9.61,-6.558,-30.52,-37.536,-33.984,-5.065,-5.052,-5.053
,0.0,0.25,0.0,7.0139,4.6008,4.6835,0,0.0409,0.0409,OK,0.25,FORMATION_FOLLOW|FORMATION_FOLLOW|FORMATION_FOLLOW,1,1,23.6,-9.558,-9.58,-6.528,-30.522,-37.536,-33.984,-5.065,-5.052,-5.053
,0.0,0.25,0.0,7.0132,4.6,4.6837,0,0.0413,0.0413,OK,0.25,FORMATION_FOLLOW|FORMATION_FOLLOW|FORMATION_FOLLOW,1,1,23.7,-9.528,-9.55,-6.498,-30.523,-37.536,-33.984,-5.065,-5.053,-5.053
,0.0,0.25,0.0,7.0132,4.5997,4.6837,0,0.0413,0.0413,OK,0.25,FORMATION_FOLLOW|FORMATION_FOLLOW|FORMATION_FOLLOW,1,1,23.8,-9.498,-9.52,-6.468,-30.523,-37.536,-33.984,-5.065,-5.053,-5.054
,0.0,0.25,0.0,7.0134,4.5997,4.684,0,0.0414,0.0414,OK,0.25,FORMATION_FOLLOW|FORMATION_FOLLOW|FORMATION_FOLLOW,1,1,23.9,-9.468,-9.49,-6.438,-30.523,-37.536,-33.983,-5.065,-5.053,-5.054
,0.0,0.25,0.0,7.0139,4.5998,4.6847,0,0.0418,0.0418,OK,0.25,FORMATION_FOLLOW|FORMATION_FOLLOW|FORMATION_FOLLOW,1,1,24.0,-9.438,-9.461,-6.408,-30.523,-37.537,-33.983,-5.065,-5.053,-5.054
,0.0,0.25,0.0,7.0146,4.6001,4.6854,0,0.042,0.042,OK,0.25,FORMATION_FOLLOW|FORMATION_FOLLOW|FORMATION_FOLLOW,1,1,24.1,-9.409,-9.431,-6.378,-30.523,-37.537,-33.983,-5.065,-5.054,-5.055
,0.0,0.25,0.0,7.0152,4.6008,4.6856,0,0.042,0.042,OK,0.25,FORMATION_FOLLOW|FORMATION_FOLLOW|FORMATION_FOLLOW,1,1,24.2,-9.379,-9.401,-6.347,-30.522,-37.538,-33.983,-5.065,-5.054,-5.056
,0.0,0.25,0.0,7.0159,4.6017,4.6859,0,0.0421,0.0421,OK,0.25,FORMATION_FOLLOW|FORMATION_FOLLOW|FORMATION_FOLLOW,1,1,24.3,-9.349,-9.371,-6.317,-30.522,-37.538,-33.983,-5.065,-5.054,-5.057
,0.0,0.25,0.0,7.0163,4.6027,4.6861,0,0.0422,0.0422,OK,0.25,FORMATION_FOLLOW|FORMATION_FOLLOW|FORMATION_FOLLOW,1,1,24.4,-9.32,-9.341,-6.287,-30.521,-37.538,-33.984,-5.065,-5.055,-5.057
,0.0,0.25,0.0,7.0164,4.6035,4.6862,0,0.0423,0.0423,OK,0.25,FORMATION_FOLLOW|FORMATION_FOLLOW|FORMATION_FOLLOW,1,1,24.5,-9.29,-9.312,-6.257,-30.521,-37.537,-33.984,-5.065,-5.055,-5.058
,0.0,0.25,0.0,7.0164,4.6039,4.6862,0,0.0423,0.0423,OK,0.25,FORMATION_FOLLOW|FORMATION_FOLLOW|FORMATION_FOLLOW,1,1,24.6,-9.261,-9.282,-6.227,-30.521,-37.537,-33.984,-5.064,-5.056,-5.059
,0.0,0.25,0.0,7.0164,4.6045,4.6863,0,0.0424,0.0424,OK,0.25,FORMATION_FOLLOW|FORMATION_FOLLOW|FORMATION_FOLLOW,1,1,24.7,-9.231,-9.253,-6.197,-30.521,-37.537,-33.984,-5.064,-5.056,-5.06
,0.0,0.25,0.0,7.0161,4.6051,4.6865,0,0.0427,0.0427,OK,0.25,FORMATION_FOLLOW|FORMATION_FOLLOW|FORMATION_FOLLOW,1,1,24.8,-9.202,-9.223,-6.166,-30.521,-37.537,-33.984,-5.063,-5.056,-5.06
,0.0,0.25,0.0,7.0155,4.6052,4.6869,0,0.043,0.043,OK,0.25,FORMATION_FOLLOW|FORMATION_FOLLOW|FORMATION_FOLLOW,1,1,24.9,-9.172,-9.193,-6.136,-30.521,-37.537,-33.984,-5.062,-5.055,-5.061
,0.0,0.25,0.0,7.0148,4.6052,4.6874,0,0.0433,0.0433,OK,0.25,FORMATION_FOLLOW|FORMATION_FOLLOW|FORMATION_FOLLOW,1,1,25.0,-9.141,-9.164,-6.106,-30.522,-37.537,-33.985,-5.062,-5.055,-5.061
,0.0,0.25,0.0,7.0139,4.605,4.6876,0,0.0435,0.0435,OK,0.25,FORMATION_FOLLOW|FORMATION_FOLLOW|FORMATION_FOLLOW,1,1,25.1,-9.111,-9.135,-6.076,-30.523,-37.536,-33.985,-5.061,-5.055,-5.062
,0.0,0.25,0.0,7.0129,4.6047,4.6878,0,0.0438,0.0438,OK,0.25,FORMATION_FOLLOW|FORMATION_FOLLOW|FORMATION_FOLLOW,1,1,25.2,-9.082,-9.106,-6.046,-30.523,-37.536,-33.985,-5.061,-5.055,-5.062
,0.0,0.25,0.0,7.0118,4.6044,4.6881,0,0.0442,0.0442,OK,0.25,FORMATION_FOLLOW|FORMATION_FOLLOW|FORMATION_FOLLOW,1,1,25.3,-9.052,-9.077,-6.016,-30.525,-37.536,-33.986,-5.061,-5.055,-5.062
,0.0,0.25,0.0,7.0108,4.6036,4.6879,0,0.0441,0.0441,OK,0.25,FORMATION_FOLLOW|FORMATION_FOLLOW|FORMATION_FOLLOW,1,1,25.4,-9.022,-9.048,-5.986,-30.526,-37.536,-33.986,-5.061,-5.055,-5.063
,0.0,0.25,0.0,7.0101,4.6029,4.6872,0,0.0437,0.0437,OK,0.25,FORMATION_FOLLOW|FORMATION_FOLLOW|FORMATION_FOLLOW,1,1,25.5,-8.991,-9.018,-5.956,-30.526,-37.536,-33.987,-5.061,-5.054,-5.063
,0.0,0.25,0.0,7.0096,4.6025,4.6864,0,0.043,0.043,OK,0.25,FORMATION_FOLLOW|FORMATION_FOLLOW|FORMATION_FOLLOW,1,1,25.6,-8.96,-8.989,-5.927,-30.527,-37.537,-33.989,-5.061,-5.054,-5.063
,0.0,0.25,0.0,7.009,4.6023,4.6854,0,0.0423,0.0423,OK,0.25,FORMATION_FOLLOW|FORMATION_FOLLOW|FORMATION_FOLLOW,1,1,25.7,-8.93,-8.959,-5.897,-30.528,-37.537,-33.99,-5.061,-5.054,-5.063
,0.0,0.25,0.0,7.0079,4.6021,4.6841,0,0.0416,0.0416,OK,0.25,FORMATION_FOLLOW|FORMATION_FOLLOW|FORMATION_FOLLOW,1,1,25.8,-8.899,-8.929,-5.867,-30.528,-37.536,-33.991,-5.06,-5.054,-5.063
,0.0,0.25,0.0,7.0065,4.602,4.683,0,0.0411,0.0411,OK,0.25,FORMATION_FOLLOW|FORMATION_FOLLOW|FORMATION_FOLLOW,1,1,25.9,-8.868,-8.899,-5.837,-30.529,-37.536,-33.992,-5.06,-5.054,-5.063
,0.0,0.25,0.0,7.005,4.6015,4.6824,0,0.041,0.041,OK,0.25,FORMATION_FOLLOW|FORMATION_FOLLOW|FORMATION_FOLLOW,1,1,26.0,-8.837,-8.869,-5.807,-30.53,-37.535,-33.993,-5.06,-5.054,-5.063
,0.0,0.25,0.0,7.0035,4.6007,4.6815,0,0.0406,0.0406,OK,0.25,FORMATION_FOLLOW|FORMATION_FOLLOW|FORMATION_FOLLOW,1,1,26.1,-8.806,-8.839,-5.777,-30.531,-37.534,-33.993,-5.059,-5.054,-5.063
,0.0,0.25,0.0,7.0026,4.6,4.6807,0,0.0401,0.0401,OK,0.25,FORMATION_FOLLOW|FORMATION_FOLLOW|FORMATION_FOLLOW,1,1,26.2,-8.775,-8.808,-5.747,-30.531,-37.534,-33.993,-5.06,-5.054,-5.064
,0.0,0.25,0.0,7.0018,4.5992,4.6798,0,0.0396,0.0396,OK,0.25,FORMATION_FOLLOW|FORMATION_FOLLOW|FORMATION_FOLLOW,1,1,26.3,-8.745,-8.778,-5.717,-30.531,-37.533,-33.993,-5.06,-5.055,-5.063
,0.0,0.25,0.0,7.0015,4.5986,4.6793,0,0.0393,0.0393,OK,0.25,FORMATION_FOLLOW|FORMATION_FOLLOW|FORMATION_FOLLOW,1,1,26.4,-8.714,-8.748,-5.687,-30.531,-37.533,-33.993,-5.061,-5.055,-5.063
,0.0,0.25,0.0,7.0011,4.5984,4.6791,0,0.0391,0.0391,OK,0.25,FORMATION_FOLLOW|FORMATION_FOLLOW|FORMATION_FOLLOW,1,1,26.5,-8.684,-8.718,-5.657,-30.531,-37.532,-33.993,-5.061,-5.055,-5.063
,0.0,0.25,0.0,7.0007,4.5982,4.6789,0,0.0391,0.0391,OK,0.25,FORMATION_FOLLOW|FORMATION_FOLLOW|FORMATION_FOLLOW,1,1,26.6,-8.654,-8.688,-5.627,-30.531,-37.532,-33.992,-5.061,-5.055,-5.062
,0.0,0.25,0.0,7.0002,4.5975,4.6789,0,0.0389,0.0389,OK,0.25,FORMATION_FOLLOW|FORMATION_FOLLOW|FORMATION_FOLLOW,1,1,26.7,-8.624,-8.658,-5.598,-30.531,-37.531,-33.992,-5.061,-5.055,-5.062
,0.0,0.25,0.0,6.9991,4.5967,4.6784,0,0.0387,0.0387,OK,0.25,FORMATION_FOLLOW|FORMATION_FOLLOW|FORMATION_FOLLOW,1,1,26.8,-8.593,-8.629,-5.568,-30.531,-37.53,-33.992,-5.061,-5.055,-5.061
,0.0,0.25,0.0,6.9974,4.5955,4.6781,0,0.0387,0.0387,OK,0.25,FORMATION_FOLLOW|FORMATION_FOLLOW|FORMATION_FOLLOW,1,1,26.9,-8.563,-8.599,-5.538,-30.532,-37.529,-33.992,-5.06,-5.055,-5.06
,0.0,0.25,0.0,6.9959,4.5947,4.6779,0,0.0387,0.0387,OK,0.25,FORMATION_FOLLOW|FORMATION_FOLLOW|FORMATION_FOLLOW,1,1,27.0,-8.532,-8.569,-5.508,-30.532,-37.528,-33.991,-5.06,-5.055,-5.06
,0.0,0.25,0.0,6.9946,4.5942,4.6775,0,0.0388,0.0388,OK,0.25,FORMATION_FOLLOW|FORMATION_FOLLOW|FORMATION_FOLLOW,1,1,27.1,-8.502,-8.539,-5.478,-30.533,-37.527,-33.991,-5.06,-5.056,-5.059
,0.0,0.25,0.0,6.9938,4.5938,4.677,0,0.0386,0.0386,OK,0.25,FORMATION_FOLLOW|FORMATION_FOLLOW|FORMATION_FOLLOW,1,1,27.2,-8.472,-8.509,-5.447,-30.533,-37.527,-33.991,-5.061,-5.057,-5.059
,0.0,0.25,0.0,6.9936,4.5937,4.6768,0,0.0385,0.0385,OK,0.25,FORMATION_FOLLOW|FORMATION_FOLLOW|FORMATION_FOLLOW,1,1,27.3,-8.441,-8.478,-5.417,-30.533,-37.526,-33.99,-5.061,-5.057,-5.059
,0.0,0.25,0.0,6.9933,4.5934,4.6765,0,0.0384,0.0384,OK,0.25,FORMATION_FOLLOW|FORMATION_FOLLOW|FORMATION_FOLLOW,1,1,27.4,-8.411,-8.448,-5.387,-30.532,-37.525,-33.99,-5.061,-5.057,-5.059
,0.0,0.25,0.0,6.9929,4.5923,4.6764,0,0.0384,0.0384,OK,0.25,FORMATION_FOLLOW|FORMATION_FOLLOW|FORMATION_FOLLOW,1,1,27.5,-8.381,-8.417,-5.357,-30.532,-37.525,-33.989,-5.062,-5.057,-5.06
,0.0,0.25,0.0,6.9926,4.5912,4.6765,0,0.0385,0.0385,OK,0.25,FORMATION_FOLLOW|FORMATION_FOLLOW|FORMATION_FOLLOW,1,1,27.6,-8.35,-8.387,-5.327,-30.532,-37.524,-33.988,-5.062,-5.058,-5.06
,0.0,0.25,0.0,6.9922,4.5905,4.6769,0,0.0388,0.0388,OK,0.25,FORMATION_FOLLOW|FORMATION_FOLLOW|FORMATION_FOLLOW,1,1,27.7,-8.32,-8.357,-5.297,-30.532,-37.524,-33.987,-5.062,-5.058,-5.061
,0.0,0.25,0.0,6.9918,4.5898,4.6772,0,0.0391,0.0391,OK,0.25,FORMATION_FOLLOW|FORMATION_FOLLOW|FORMATION_FOLLOW,1,1,27.8,-8.29,-8.326,-5.267,-30.532,-37.524,-33.986,-5.063,-5.058,-5.062
,0.0,0.25,0.0,6.9914,4.5894,4.6771,0,0.0393,0.0393,OK,0.25,FORMATION_FOLLOW|FORMATION_FOLLOW|FORMATION_FOLLOW,1,1,27.9,-8.26,-8.296,-5.237,-30.533,-37.524,-33.986,-5.063,-5.058,-5.062
,0.0,0.25,0.0,6.991,4.589,4.677,0,0.0395,0.0395,OK,0.25,FORMATION_FOLLOW|FORMATION_FOLLOW|FORMATION_FOLLOW,1,1,28.0,-8.23,-8.265,-5.207,-30.533,-37.524,-33.985,-5.064,-5.058,-5.063
,0.0,0.25,0.0,6.9908,4.5881,4.6776,0,0.0401,0.0401,OK,0.25,FORMATION_FOLLOW|FORMATION_FOLLOW|FORMATION_FOLLOW,1,1,28.1,-8.2,-8.235,-5.177,-30.533,-37.524,-33.984,-5.065,-5.058,-5.064
,0.0,0.25,0.0,6.9908,4.5874,4.6786,0,0.0408,0.0408,OK,0.25,FORMATION_FOLLOW|FORMATION_FOLLOW|FORMATION_FOLLOW,1,1,28.2,-8.17,-8.205,-5.147,-30.534,-37.524,-33.983,-5.065,-5.058,-5.064
,0.0,0.25,0.0,6.9912,4.5874,4.6791,0,0.0411,0.0411,OK,0.25,FORMATION_FOLLOW|FORMATION_FOLLOW|FORMATION_FOLLOW,1,1,28.3,-8.14,-8.174,-5.116,-30.533,-37.525,-33.983,-5.066,-5.058,-5.064
,0.0,0.25,0.0,6.9921,4.5879,4.6793,0,0.0412,0.0412,OK,0.25,FORMATION_FOLLOW|FORMATION_FOLLOW|FORMATION_FOLLOW,1,1,28.4,-8.111,-8.144,-5.086,-30.533,-37.525,-33.983,-5.066,-5.058,-5.065
,0.0,0.25,0.0,6.9923,4.5879,4.679,0,0.0411,0.0411,OK,0.25,FORMATION_FOLLOW|FORMATION_FOLLOW|FORMATION_FOLLOW,1,1,28.5,-8.081,-8.113,-5.056,-30.533,-37.525,-33.982,-5.066,-5.058,-5.065
,0.0,0.25,0.0,6.9922,4.5878,4.6787,0,0.0411,0.0411,OK,0.25,FORMATION_FOLLOW|FORMATION_FOLLOW|FORMATION_FOLLOW,1,1,28.6,-8.051,-8.082,-5.026,-30.533,-37.525,-33.982,-5.066,-5.059,-5.064
,0.0,0.25,0.0,6.9923,4.5876,4.6782,0,0.041,0.041,OK,0.25,FORMATION_FOLLOW|FORMATION_FOLLOW|FORMATION_FOLLOW,1,1,28.7,-8.021,-8.051,-4.996,-30.533,-37.525,-33.982,-5.066,-5.059,-5.064
,0.0,0.25,0.0,6.9926,4.5879,4.6777,0,0.0409,0.0409,OK,0.25,FORMATION_FOLLOW|FORMATION_FOLLOW|FORMATION_FOLLOW,1,1,28.8,-7.992,-8.02,-4.967,-30.532,-37.525,-33.982,-5.066,-5.059,-5.064
,0.0,0.25,0.0,6.9927,4.5881,4.6773,0,0.0409,0.0409,OK,0.25,FORMATION_FOLLOW|FORMATION_FOLLOW|FORMATION_FOLLOW,1,1,28.9,-7.962,-7.99,-4.936,-30.532,-37.525,-33.981,-5.066,-5.059,-5.063
,0.0,0.25,0.0,6.9926,4.5881,4.6771,0,0.041,0.041,OK,0.25,FORMATION_FOLLOW|FORMATION_FOLLOW|FORMATION_FOLLOW,1,1,29.0,-7.932,-7.959,-4.906,-30.532,-37.524,-33.98,-5.066,-5.06,-5.063
,0.0,0.25,0.0,6.9924,4.5882,4.6764,0,0.0408,0.0408,OK,0.25,FORMATION_FOLLOW|FORMATION_FOLLOW|FORMATION_FOLLOW,1,1,29.1,-7.902,-7.928,-4.876,-30.531,-37.523,-33.98,-5.066,-5.06,-5.062
,0.0,0.25,0.0,6.992,4.588,4.6754,0,0.0405,0.0405,OK,0.25,FORMATION_FOLLOW|FORMATION_FOLLOW|FORMATION_FOLLOW,1,1,29.2,-7.872,-7.897,-4.846,-30.531,-37.523,-33.979,-5.066,-5.06,-5.061
,0.0,0.25,0.0,6.9916,4.5877,4.6742,0,0.0401,0.0401,OK,0.25,FORMATION_FOLLOW|FORMATION_FOLLOW|FORMATION_FOLLOW,1,1,29.3,-7.842,-7.866,-4.817,-30.53,-37.522,-33.979,-5.066,-5.06,-5.06
,0.0,0.25,0.0,6.9913,4.5877,4.6734,0,0.0399,0.0399,OK,0.25,FORMATION_FOLLOW|FORMATION_FOLLOW|FORMATION_FOLLOW,1,1,29.4,-7.812,-7.834,-4.786,-30.53,-37.521,-33.979,-5.066,-5.06,-5.06
,0.0,0.25,0.0,6.9909,4.5879,4.6728,0,0.0397,0.0397,OK,0.25,FORMATION_FOLLOW|FORMATION_FOLLOW|FORMATION_FOLLOW,1,1,29.5,-7.781,-7.803,-4.756,-30.53,-37.521,-33.978,-5.066,-5.06,-5.06
,0.0,0.25,0.0,6.991,4.5884,4.6722,0,0.0395,0.0395,OK,0.25,FORMATION_FOLLOW|FORMATION_FOLLOW|FORMATION_FOLLOW,1,1,29.6,-7.751,-7.772,-4.725,-30.529,-37.52,-33.978,-5.067,-5.06,-5.059
,0.0,0.25,0.0,6.9911,4.5897,4.6718,0,0.0395,0.0395,OK,0.25,FORMATION_FOLLOW|FORMATION_FOLLOW|FORMATION_FOLLOW,1,1,29.7,-7.722,-7.741,-4.695,-30.529,-37.52,-33.978,-5.067,-5.06,-5.059
,0.0,0.25,0.0,6.9911,4.5914,4.6708,0,0.0392,0.0392,OK,0.25,FORMATION_FOLLOW|FORMATION_FOLLOW|FORMATION_FOLLOW,1,1,29.8,-7.693,-7.71,-4.664,-30.528,-37.519,-33.978,-5.066,-5.06,-5.059
,0.0,0.25,0.0,6.9914,4.5928,4.6699,0,0.0388,0.0388,OK,0.25,FORMATION_FOLLOW|FORMATION_FOLLOW|FORMATION_FOLLOW,1,1,29.9,-7.663,-7.68,-4.634,-30.527,-37.518,-33.978,-5.066,-5.06,-5.058
,0.0,0.25,0.0,6.9915,4.5939,4.6688,0,0.0383,0.0383,OK,0.25,FORMATION_FOLLOW|FORMATION_FOLLOW|FORMATION_FOLLOW,1,1,30.0,-7.634,-7.65,-4.604,-30.526,-37.517,-33.978,-5.066,-5.06,-5.058
,0.0,0.25,0.0,6.9914,4.595,4.6678,0,0.0379,0.0379,OK,0.25,FORMATION_FOLLOW|FORMATION_FOLLOW|FORMATION_FOLLOW,1,1,30.1,-7.605,-7.619,-4.574,-30.525,-37.516,-33.978,-5.065,-5.06,-5.057
,0.0,0.25,0.0,6.9908,4.5957,4.6668,0,0.0375,0.0375,OK,0.25,FORMATION_FOLLOW|FORMATION_FOLLOW|FORMATION_FOLLOW,1,1,30.2,-7.575,-7.589,-4.544,-30.524,-37.515,-33.979,-5.065,-5.06,-5.056
,0.0,0.25,0.0,6.9901,4.5961,4.6662,0,0.0373,0.0373,OK,0.25,FORMATION_FOLLOW|FORMATION_FOLLOW|FORMATION_FOLLOW,1,1,30.3,-7.545,-7.559,-4.513,-30.524,-37.514,-33.978,-5.064,-5.06,-5.056
,0.0,0.25,0.0,6.9898,4.5961,4.666,0,0.0373,0.0373,OK,0.25,FORMATION_FOLLOW|FORMATION_FOLLOW|FORMATION_FOLLOW,1,1,30.4,-7.515,-7.529,-4.483,-30.523,-37.513,-33.978,-5.064,-5.06,-5.056
,0.0,0.25,0.0,6.9901,4.5961,4.6663,0,0.0375,0.0375,OK,0.25,FORMATION_FOLLOW|FORMATION_FOLLOW|FORMATION_FOLLOW,1,1,30.5,-7.485,-7.498,-4.453,-30.523,-37.513,-33.977,-5.063,-5.06,-5.056
,0.0,0.25,0.0,6.9901,4.5958,4.6671,0,0.038,0.038,OK,0.25,FORMATION_FOLLOW|FORMATION_FOLLOW|FORMATION_FOLLOW,1,1,30.6,-7.455,-7.468,-4.423,-30.523,-37.513,-33.976,-5.062,-5.059,-5.055
,0.0,0.25,0.0,6.9903,4.5952,4.6685,0,0.0387,0.0387,OK,0.25,FORMATION_FOLLOW|FORMATION_FOLLOW|FORMATION_FOLLOW,1,1,30.7,-7.424,-7.439,-4.392,-30.523,-37.513,-33.976,-5.062,-5.059,-5.055
,0.0,0.25,0.0,6.9905,4.5951,4.67,0,0.0395,0.0395,OK,0.25,FORMATION_FOLLOW|FORMATION_FOLLOW|FORMATION_FOLLOW,1,1,30.8,-7.394,-7.409,-4.361,-30.523,-37.513,-33.975,-5.061,-5.059,-5.056
,0.0,0.25,0.0,6.9905,4.5953,4.6714,0,0.0404,0.0404,OK,0.25,FORMATION_FOLLOW|FORMATION_FOLLOW|FORMATION_FOLLOW,1,1,30.9,-7.365,-7.379,-4.33,-30.523,-37.513,-33.974,-5.061,-5.059,-5.056
,0.0,0.25,0.0,6.9905,4.5952,4.6736,0,0.0418,0.0418,OK,0.25,FORMATION_FOLLOW|FORMATION_FOLLOW|FORMATION_FOLLOW,1,1,31.0,-7.335,-7.35,-4.299,-30.523,-37.514,-33.973,-5.061,-5.059,-5.056
,0.0,0.25,0.0,6.9908,4.595,4.6759,0,0.0431,0.0431,OK,0.25,FORMATION_FOLLOW|FORMATION_FOLLOW|FORMATION_FOLLOW,1,1,31.1,-7.305,-7.321,-4.268,-30.523,-37.514,-33.972,-5.06,-5.059,-5.056
,0.0,0.25,0.0,6.991,4.5951,4.6779,0,0.0441,0.0441,OK,0.25,FORMATION_FOLLOW|FORMATION_FOLLOW|FORMATION_FOLLOW,1,1,31.2,-7.275,-7.292,-4.238,-30.523,-37.514,-33.971,-5.06,-5.058,-5.056
,0.0,0.25,0.0,6.9913,4.5951,4.6795,0,0.0449,0.0449,OK,0.25,FORMATION_FOLLOW|FORMATION_FOLLOW|FORMATION_FOLLOW,1,1,31.3,-7.245,-7.263,-4.207,-30.523,-37.514,-33.971,-5.06,-5.058,-5.056
,0.0,0.25,0.0,6.9913,4.595,4.6804,0,0.0454,0.0454,OK,0.25,FORMATION_FOLLOW|FORMATION_FOLLOW|FORMATION_FOLLOW,1,1,31.4,-7.216,-7.234,-4.177,-30.523,-37.515,-33.97,-5.06,-5.057,-5.056
,0.0,0.25,0.0,6.9914,4.5952,4.6806,0,0.0454,0.0454,OK,0.25,FORMATION_FOLLOW|FORMATION_FOLLOW|FORMATION_FOLLOW,1,1,31.5,-7.186,-7.205,-4.148,-30.524,-37.515,-33.971,-5.06,-5.057,-5.057
,0.0,0.25,0.0,6.9914,4.595,4.6804,0,0.0451,0.0451,OK,0.25,FORMATION_FOLLOW|FORMATION_FOLLOW|FORMATION_FOLLOW,1,1,31.6,-7.156,-7.176,-4.118,-30.524,-37.515,-33.971,-5.06,-5.056,-5.057
,0.0,0.25,0.0,6.9917,4.595,4.6802,0,0.0449,0.0449,OK,0.25,FORMATION_FOLLOW|FORMATION_FOLLOW|FORMATION_FOLLOW,1,1,31.7,-7.127,-7.146,-4.089,-30.524,-37.516,-33.972,-5.061,-5.056,-5.057
,0.0,0.25,0.0,6.9923,4.5952,4.6798,0,0.0446,0.0446,OK,0.25,FORMATION_FOLLOW|FORMATION_FOLLOW|FORMATION_FOLLOW,1,1,31.8,-7.097,-7.116,-4.06,-30.524,-37.516,-33.972,-5.061,-5.056,-5.056
,0.0,0.25,0.0,6.9927,4.5953,4.6794,0,0.0442,0.0442,OK,0.25,FORMATION_FOLLOW|FORMATION_FOLLOW|FORMATION_FOLLOW,1,1,31.9,-7.067,-7.087,-4.031,-30.524,-37.517,-33.973,-5.061,-5.056,-5.056
,0.0,0.25,0.0,6.9929,4.5957,4.6789,0,0.0439,0.0439,OK,0.25,FORMATION_FOLLOW|FORMATION_FOLLOW|FORMATION_FOLLOW,1,1,32.0,-7.038,-7.057,-4.001,-30.524,-37.517,-33.974,-5.061,-5.056,-5.056
,0.0,0.25,0.0,6.9932,4.5964,4.679,0,0.0438,0.0438,OK,0.25,FORMATION_FOLLOW|FORMATION_FOLLOW|FORMATION_FOLLOW,1,1,32.1,-7.008,-7.027,-3.971,-30.525,-37.518,-33.975,-5.061,-5.057,-5.056
,0.0,0.25,0.0,6.9934,4.5976,4.6791,0,0.0438,0.0438,OK,0.25,FORMATION_FOLLOW|FORMATION_FOLLOW|FORMATION_FOLLOW,1,1,32.2,-6.978,-6.998,-3.941,-30.525,-37.518,-33.976,-5.062,-5.057,-5.056
,0.0,0.25,0.0,6.9938,4.5991,4.6791,0,0.0438,0.0438,OK,0.25,FORMATION_FOLLOW|FORMATION_FOLLOW|FORMATION_FOLLOW,1,1,32.3,-6.949,-6.969,-3.91,-30.524,-37.518,-33.977,-5.062,-5.057,-5.056
,0.0,0.25,0.0,6.9944,4.6006,4.6789,0,0.0437,0.0437,OK,0.25,FORMATION_FOLLOW|FORMATION_FOLLOW|FORMATION_FOLLOW,1,1,32.4,-6.919,-6.939,-3.88,-30.524,-37.518,-33.978,-5.062,-5.058,-5.056
,0.0,0.25,0.0,6.9947,4.6024,4.6788,0,0.0437,0.0437,OK,0.25,FORMATION_FOLLOW|FORMATION_FOLLOW|FORMATION_FOLLOW,1,1,32.5,-6.889,-6.909,-3.849,-30.523,-37.517,-33.978,-5.062,-5.059,-5.056
,0.0,0.25,0.0,6.9939,4.6039,4.6781,0,0.0437,0.0437,OK,0.25,FORMATION_FOLLOW|FORMATION_FOLLOW|FORMATION_FOLLOW,1,1,32.6,-6.86,-6.88,-3.819,-30.522,-37.516,-33.979,-5.062,-5.059,-5.057
,0.0,0.25,0.0,6.9931,4.6054,4.6774,0,0.0436,0.0436,OK,0.25,FORMATION_FOLLOW|FORMATION_FOLLOW|FORMATION_FOLLOW,1,1,32.7,-6.831,-6.85,-3.788,-30.522,-37.515,-33.979,-5.062,-5.059,-5.057
,0.0,0.25,0.0,6.9928,4.6068,4.6768,0,0.0437,0.0437,OK,0.25,FORMATION_FOLLOW|FORMATION_FOLLOW|FORMATION_FOLLOW,1,1,32.8,-6.802,-6.821,-3.758,-30.521,-37.514,-33.98,-5.062,-5.06,-5.057
,0.0,0.25,0.0,6.9924,4.6085,4.676,0,0.0436,0.0436,OK,0.25,FORMATION_FOLLOW|FORMATION_FOLLOW|FORMATION_FOLLOW,1,1,32.9,-6.773,-6.792,-3.728,-30.521,-37.513,-33.98,-5.062,-5.06,-5.058
,0.0,0.25,0.0,6.9923,4.6104,4.6753,0,0.0436,0.0436,OK,0.25,FORMATION_FOLLOW|FORMATION_FOLLOW|FORMATION_FOLLOW,1,1,33.0,-6.744,-6.762,-3.698,-30.52,-37.512,-33.981,-5.062,-5.06,-5.059
,0.0,0.25,0.0,6.9926,4.612,4.675,0,0.0437,0.0437,OK,0.25,FORMATION_FOLLOW|FORMATION_FOLLOW|FORMATION_FOLLOW,1,1,33.1,-6.715,-6.732,-3.668,-30.52,-37.512,-33.982,-5.062,-5.061,-5.059
,0.0,0.25,0.0,6.9928,4.6135,4.6746,0,0.0437,0.0437,OK,0.25,FORMATION_FOLLOW|FORMATION_FOLLOW|FORMATION_FOLLOW,1,1,33.2,-6.686,-6.703,-3.638,-30.519,-37.512,-33.982,-5.062,-5.061,-5.06
,0.0,0.25,0.0,6.9928,4.615,4.6741,0,0.0438,0.0438,OK,0.25,FORMATION_FOLLOW|FORMATION_FOLLOW|FORMATION_FOLLOW,1,1,33.3,-6.657,-6.673,-3.608,-30.519,-37.512,-33.983,-5.062,-5.061,-5.06
,0.0,0.25,0.0,6.9929,4.6164,4.6733,0,0.0438,0.0438,OK,0.25,FORMATION_FOLLOW|FORMATION_FOLLOW|FORMATION_FOLLOW,1,1,33.4,-6.628,-6.643,-3.578,-30.519,-37.512,-33.984,-5.062,-5.061,-5.061
,0.0,0.25,0.0,6.9923,4.6176,4.6722,0,0.0437,0.0437,OK,0.25,FORMATION_FOLLOW|FORMATION_FOLLOW|FORMATION_FOLLOW,1,1,33.5,-6.599,-6.612,-3.548,-30.519,-37.512,-33.985,-5.062,-5.061,-5.061
,0.0,0.25,0.0,6.9914,4.6184,4.6712,0,0.0438,0.0438,OK,0.25,FORMATION_FOLLOW|FORMATION_FOLLOW|FORMATION_FOLLOW,1,1,33.6,-6.57,-6.582,-3.518,-30.52,-37.511,-33.985,-5.062,-5.061,-5.061
,0.0,0.25,0.0,6.9904,4.619,4.6707,0,0.0441,0.0441,OK,0.25,FORMATION_FOLLOW|FORMATION_FOLLOW|FORMATION_FOLLOW,1,1,33.7,-6.541,-6.551,-3.487,-30.52,-37.511,-33.986,-5.063,-5.061,-5.061
,0.0,0.25,0.0,6.9891,4.6194,4.6705,0,0.0447,0.0447,OK,0.25,FORMATION_FOLLOW|FORMATION_FOLLOW|FORMATION_FOLLOW,1,1,33.8,-6.512,-6.521,-3.456,-30.522,-37.511,-33.986,-5.063,-5.06,-5.061
,0.0,0.25,0.0,6.9878,4.6199,4.6702,0,0.0452,0.0452,OK,0.25,FORMATION_FOLLOW|FORMATION_FOLLOW|FORMATION_FOLLOW,1,1,33.9,-6.482,-6.491,-3.426,-30.522,-37.51,-33.987,-5.063,-5.06,-5.061
,0.0,0.25,0.0,6.9865,4.6206,4.6699,0,0.0456,0.0456,OK,0.25,FORMATION_FOLLOW|FORMATION_FOLLOW|FORMATION_FOLLOW,1,1,34.0,-6.453,-6.461,-3.395,-30.523,-37.51,-33.987,-5.063,-5.059,-5.061
,0.0,0.25,0.0,6.9856,4.6215,4.6694,0,0.0459,0.0459,OK,0.25,FORMATION_FOLLOW|FORMATION_FOLLOW|FORMATION_FOLLOW,1,1,34.1,-6.424,-6.431,-3.365,-30.524,-37.509,-33.988,-5.063,-5.059,-5.062
,0.0,0.25,0.0,6.9849,4.6226,4.6683,0,0.046,0.046,OK,0.25,FORMATION_FOLLOW|FORMATION_FOLLOW|FORMATION_FOLLOW,1,1,34.2,-6.394,-6.401,-3.334,-30.524,-37.509,-33.989,-5.063,-5.058,-5.062
,0.0,0.25,0.0,6.9841,4.6233,4.6676,0,0.0461,0.0461,OK,0.25,FORMATION_FOLLOW|FORMATION_FOLLOW|FORMATION_FOLLOW,1,1,34.3,-6.365,-6.37,-3.304,-30.525,-37.509,-33.989,-5.062,-5.058,-5.062
,0.0,0.25,0.0,6.9833,4.6239,4.6669,0,0.0462,0.0462,OK,0.25,FORMATION_FOLLOW|FORMATION_FOLLOW|FORMATION_FOLLOW,1,1,34.4,-6.336,-6.34,-3.274,-30.525,-37.508,-33.99,-5.063,-5.058,-5.062
,0.0,0.25,0.0,6.9827,4.6244,4.6665,0,0.0464,0.0464,OK,0.25,FORMATION_FOLLOW|FORMATION_FOLLOW|FORMATION_FOLLOW,1,1,34.5,-6.306,-6.31,-3.244,-30.525,-37.508,-33.99,-5.063,-5.058,-5.062
,0.0,0.25,0.0,6.9819,4.6248,4.666,0,0.0465,0.0465,OK,0.25,FORMATION_FOLLOW|FORMATION_FOLLOW|FORMATION_FOLLOW,1,1,34.6,-6.276,-6.28,-3.213,-30.525,-37.507,-33.99,-5.063,-5.059,-5.062
,0.0,0.25,0.0,6.9812,4.6251,4.6654,0,0.0465,0.0465,OK,0.25,FORMATION_FOLLOW|FORMATION_FOLLOW|FORMATION_FOLLOW,1,1,34.7,-6.247,-6.249,-3.183,-30.526,-37.507,-33.991,-5.063,-5.059,-5.062
,0.0,0.25,0.0,6.9804,4.6261,4.6649,0,0.0469,0.0469,OK,0.25,FORMATION_FOLLOW|FORMATION_FOLLOW|FORMATION_FOLLOW,1,1,34.8,-6.218,-6.219,-3.153,-30.526,-37.506,-33.991,-5.062,-5.059,-5.061
,0.0,0.25,0.0,6.9797,4.6273,4.6642,0,0.0472,0.0472,OK,0.25,FORMATION_FOLLOW|FORMATION_FOLLOW|FORMATION_FOLLOW,1,1,34.9,-6.188,-6.19,-3.122,-30.526,-37.506,-33.992,-5.061,-5.059,-5.062
,0.0,0.25,0.0,6.9789,4.6285,4.6637,0,0.0476,0.0476,OK,0.25,FORMATION_FOLLOW|FORMATION_FOLLOW|FORMATION_FOLLOW,1,1,35.0,-6.159,-6.16,-3.092,-30.526,-37.505,-33.993,-5.061,-5.059,-5.062
,0.0,0.25,0.0,6.9789,4.6295,4.6636,0,0.048,0.048,OK,0.25,FORMATION_FOLLOW|FORMATION_FOLLOW|FORMATION_FOLLOW,1,1,35.1,-6.13,-6.13,-3.062,-30.526,-37.505,-33.993,-5.061,-5.06,-5.062
,0.0,0.25,0.0,6.9793,4.6309,4.6634,0,0.0483,0.0483,OK,0.25,FORMATION_FOLLOW|FORMATION_FOLLOW|FORMATION_FOLLOW,1,1,35.2,-6.101,-6.1,-3.032,-30.526,-37.505,-33.993,-5.06,-5.06,-5.062
,0.0,0.25,0.0,6.9795,4.6323,4.6629,0,0.0485,0.0485,OK,0.25,FORMATION_FOLLOW|FORMATION_FOLLOW|FORMATION_FOLLOW,1,1,35.3,-6.072,-6.07,-3.001,-30.525,-37.505,-33.994,-5.059,-5.06,-5.063
,0.0,0.25,0.0,6.9797,4.6336,4.6624,0,0.0487,0.0487,OK,0.25,FORMATION_FOLLOW|FORMATION_FOLLOW|FORMATION_FOLLOW,1,1,35.4,-6.043,-6.04,-2.971,-30.525,-37.504,-33.994,-5.059,-5.06,-5.063
,0.0,0.25,0.0,6.9797,4.6348,4.6616,0,0.0487,0.0487,OK,0.25,FORMATION_FOLLOW|FORMATION_FOLLOW|FORMATION_FOLLOW,1,1,35.5,-6.014,-6.009,-2.941,-30.524,-37.504,-33.994,-5.059,-5.06,-5.063
,0.0,0.25,0.0,6.9792,4.6362,4.6604,0,0.0489,0.0489,OK,0.25,FORMATION_FOLLOW|FORMATION_FOLLOW|FORMATION_FOLLOW,1,1,35.6,-5.985,-5.979,-2.911,-30.524,-37.503,-33.995,-5.058,-5.061,-5.063
,0.0,0.25,0.0,6.9786,4.6373,4.6595,0,0.0491,0.0491,OK,0.25,FORMATION_FOLLOW|FORMATION_FOLLOW|FORMATION_FOLLOW,1,1,35.7,-5.956,-5.948,-2.881,-30.524,-37.503,-33.995,-5.058,-5.061,-5.063
,0.0,0.25,0.0,6.9777,4.6374,4.659,0,0.0491,0.0491,OK,0.25,FORMATION_FOLLOW|FORMATION_FOLLOW|FORMATION_FOLLOW,1,1,35.8,-5.926,-5.918,-2.851,-30.525,-37.502,-33.995,-5.058,-5.062,-5.063
,0.0,0.25,0.0,6.9769,4.6376,4.6584,0,0.0492,0.0492,OK,0.25,FORMATION_FOLLOW|FORMATION_FOLLOW|FORMATION_FOLLOW,1,1,35.9,-5.896,-5.888,-2.821,-30.525,-37.502,-33.996,-5.058,-5.062,-5.063
,0.0,0.25,0.0,6.9759,4.6378,4.6576,0,0.0492,0.0492,OK,0.25,FORMATION_FOLLOW|FORMATION_FOLLOW|FORMATION_FOLLOW,1,1,36.0,-5.867,-5.858,-2.79,-30.525,-37.501,-33.996,-5.058,-5.062,-5.063
,0.0,0.25,0.0,6.9748,4.638,4.6568,0,0.0492,0.0492,OK,0.25,FORMATION_FOLLOW|FORMATION_FOLLOW|FORMATION_FOLLOW,1,1,36.1,-5.837,-5.828,-2.76,-30.525,-37.5,-33.996,-5.058,-5.062,-5.063
,0.0,0.25,0.0,6.9739,4.6383,4.6559,0,0.0491,0.0491,OK,0.25,FORMATION_FOLLOW|FORMATION_FOLLOW|FORMATION_FOLLOW,1,1,36.2,-5.807,-5.798,-2.73,-30.526,-37.499,-33.997,-5.058,-5.062,-5.063
,0.0,0.25,0.0,6.9726,4.6382,4.655,0,0.049,0.049,OK,0.25,FORMATION_FOLLOW|FORMATION_FOLLOW|FORMATION_FOLLOW,1,1,36.3,-5.776,-5.768,-2.7,-30.526,-37.499,-33.997,-5.059,-5.062,-5.064
,0.0,0.25,0.0,6.9713,4.6379,4.6542,0,0.0489,0.0489,OK,0.25,FORMATION_FOLLOW|FORMATION_FOLLOW|FORMATION_FOLLOW,1,1,36.4,-5.746,-5.737,-2.67,-30.527,-37.498,-33.998,-5.059,-5.062,-5.064
,0.0,0.25,0.0,6.9696,4.6371,4.6531,0,0.0486,0.0486,OK,0.25,FORMATION_FOLLOW|FORMATION_FOLLOW|FORMATION_FOLLOW,1,1,36.5,-5.716,-5.707,-2.64,-30.528,-37.497,-33.998,-5.06,-5.062,-5.064
,0.0,0.25,0.0,6.9679,4.636,4.6521,0,0.0482,0.0482,OK,0.25,FORMATION_FOLLOW|FORMATION_FOLLOW|FORMATION_FOLLOW,1,1,36.6,-5.685,-5.676,-2.61,-30.529,-37.497,-33.998,-5.06,-5.062,-5.064
,0.0,0.25,0.0,6.9666,4.6351,4.6516,0,0.048,0.048,OK,0.25,FORMATION_FOLLOW|FORMATION_FOLLOW|FORMATION_FOLLOW,1,1,36.7,-5.654,-5.645,-2.579,-30.529,-37.496,-33.998,-5.06,-5.062,-5.064
,0.0,0.25,0.0,6.966,4.6348,4.6511,0,0.0478,0.0478,OK,0.25,FORMATION_FOLLOW|FORMATION_FOLLOW|FORMATION_FOLLOW,1,1,36.8,-5.623,-5.614,-2.549,-30.53,-37.496,-33.997,-5.061,-5.062,-5.064
,0.0,0.25,0.0,6.966,4.6343,4.6509,0,0.0474,0.0474,OK,0.25,FORMATION_FOLLOW|FORMATION_FOLLOW|FORMATION_FOLLOW,1,1,36.9,-5.592,-5.584,-2.518,-30.529,-37.495,-33.997,-5.061,-5.062,-5.064
,0.0,0.25,0.0,6.9664,4.6337,4.6513,0,0.0472,0.0472,OK,0.25,FORMATION_FOLLOW|FORMATION_FOLLOW|FORMATION_FOLLOW,1,1,37.0,-5.561,-5.554,-2.488,-30.529,-37.495,-33.997,-5.061,-5.063,-5.064
,0.0,0.25,0.0,6.9672,4.6334,4.6521,0,0.0472,0.0472,OK,0.25,FORMATION_FOLLOW|FORMATION_FOLLOW|FORMATION_FOLLOW,1,1,37.1,-5.53,-5.524,-2.458,-30.529,-37.496,-33.997,-5.062,-5.063,-5.064
,0.0,0.25,0.0,6.9681,4.6328,4.6531,0,0.0471,0.0471,OK,0.25,FORMATION_FOLLOW|FORMATION_FOLLOW|FORMATION_FOLLOW,1,1,37.2,-5.499,-5.494,-2.427,-30.528,-37.496,-33.997,-5.062,-5.063,-5.064
,0.0,0.25,0.0,6.9691,4.6323,4.6539,0,0.047,0.047,OK,0.25,FORMATION_FOLLOW|FORMATION_FOLLOW|FORMATION_FOLLOW,1,1,37.3,-5.467,-5.464,-2.397,-30.528,-37.497,-33.997,-5.062,-5.063,-5.063
,0.0,0.25,0.0,6.9692,4.6316,4.6537,0,0.0465,0.0465,OK,0.25,FORMATION_FOLLOW|FORMATION_FOLLOW|FORMATION_FOLLOW,1,1,37.4,-5.437,-5.433,-2.367,-30.528,-37.497,-33.996,-5.063,-5.063,-5.063
,0.0,0.25,0.0,6.969,4.631,4.6531,0,0.0459,0.0459,OK,0.25,FORMATION_FOLLOW|FORMATION_FOLLOW|FORMATION_FOLLOW,1,1,37.5,-5.406,-5.403,-2.337,-30.528,-37.497,-33.997,-5.063,-5.063,-5.062
,0.0,0.25,0.0,6.9689,4.6307,4.652,0,0.0452,0.0452,OK,0.25,FORMATION_FOLLOW|FORMATION_FOLLOW|FORMATION_FOLLOW,1,1,37.6,-5.374,-5.372,-2.307,-30.528,-37.497,-33.997,-5.063,-5.063,-5.062
,0.0,0.25,0.0,6.9688,4.6307,4.6511,0,0.0447,0.0447,OK,0.25,FORMATION_FOLLOW|FORMATION_FOLLOW|FORMATION_FOLLOW,1,1,37.7,-5.343,-5.342,-2.277,-30.528,-37.497,-33.998,-5.063,-5.062,-5.061
,0.0,0.25,0.0,6.9689,4.6308,4.6505,0,0.0443,0.0443,OK,0.25,FORMATION_FOLLOW|FORMATION_FOLLOW|FORMATION_FOLLOW,1,1,37.8,-5.313,-5.311,-2.247,-30.528,-37.497,-33.998,-5.063,-5.062,-5.061
,0.0,0.25,0.0,6.9689,4.6305,4.6503,0,0.0441,0.0441,OK,0.25,FORMATION_FOLLOW|FORMATION_FOLLOW|FORMATION_FOLLOW,1,1,37.9,-5.282,-5.28,-2.216,-30.528,-37.497,-33.998,-5.063,-5.061,-5.06
,0.0,0.25,0.0,6.9692,4.6302,4.6502,0,0.0438,0.0438,OK,0.25,FORMATION_FOLLOW|FORMATION_FOLLOW|FORMATION_FOLLOW,1,1,38.0,-5.251,-5.249,-2.185,-30.528,-37.497,-33.998,-5.063,-5.06,-5.06
,0.0,0.25,0.0,6.97,4.6303,4.65,0,0.0434,0.0434,OK,0.25,FORMATION_FOLLOW|FORMATION_FOLLOW|FORMATION_FOLLOW,1,1,38.1,-5.22,-5.218,-2.155,-30.527,-37.497,-33.998,-5.063,-5.06,-5.059
,0.0,0.25,0.0,6.9711,4.6307,4.6503,0,0.0433,0.0433,OK,0.25,FORMATION_FOLLOW|FORMATION_FOLLOW|FORMATION_FOLLOW,1,1,38.2,-5.188,-5.187,-2.124,-30.526,-37.497,-33.998,-5.062,-5.059,-5.059
,0.0,0.25,0.0,6.972,4.631,4.651,0,0.0435,0.0435,OK,0.25,FORMATION_FOLLOW|FORMATION_FOLLOW|FORMATION_FOLLOW,1,1,38.3,-5.157,-5.157,-2.093,-30.526,-37.498,-33.998,-5.062,-5.058,-5.059
,0.0,0.25,0.0,6.9732,4.6315,4.6524,0,0.0439,0.0439,OK,0.25,FORMATION_FOLLOW|FORMATION_FOLLOW|FORMATION_FOLLOW,1,1,38.4,-5.126,-5.127,-2.062,-30.525,-37.499,-33.998,-5.061,-5.058,-5.059
,0.0,0.25,0.0,6.9746,4.6315,4.6538,0,0.0442,0.0442,OK,0.25,FORMATION_FOLLOW|FORMATION_FOLLOW|FORMATION_FOLLOW,1,1,38.5,-5.095,-5.097,-2.031,-30.525,-37.5,-33.998,-5.061,-5.057,-5.059
,0.0,0.25,0.0,6.9758,4.6311,4.6548,0,0.0441,0.0441,OK,0.25,FORMATION_FOLLOW|FORMATION_FOLLOW|FORMATION_FOLLOW,1,1,38.6,-5.064,-5.067,-2.001,-30.525,-37.501,-33.998,-5.061,-5.057,-5.059
,0.0,0.25,0.0,6.9763,4.6307,4.6554,0,0.044,0.044,OK,0.25,FORMATION_FOLLOW|FORMATION_FOLLOW|FORMATION_FOLLOW,1,1,38.7,-5.034,-5.037,-1.971,-30.525,-37.501,-33.998,-5.06,-5.057,-5.059
,0.0,0.25,0.0,6.9758,4.6302,4.6557,0,0.0442,0.0442,OK,0.25,FORMATION_FOLLOW|FORMATION_FOLLOW|FORMATION_FOLLOW,1,1,38.8,-5.004,-5.008,-1.941,-30.526,-37.501,-33.998,-5.059,-5.057,-5.059
,0.0,0.25,0.0,6.9757,4.6299,4.6561,0,0.0444,0.0444,OK,0.25,FORMATION_FOLLOW|FORMATION_FOLLOW|FORMATION_FOLLOW,1,1,38.9,-4.974,-4.978,-1.911,-30.526,-37.502,-33.998,-5.058,-5.056,-5.058
,0.0,0.25,0.0,6.9762,4.6299,4.6568,0,0.0445,0.0445,OK,0.25,FORMATION_FOLLOW|FORMATION_FOLLOW|FORMATION_FOLLOW,1,1,39.0,-4.943,-4.948,-1.881,-30.526,-37.503,-33.999,-5.058,-5.057,-5.058
,0.0,0.25,0.0,6.977,4.6299,4.6573,0,0.0445,0.0445,OK,0.25,FORMATION_FOLLOW|FORMATION_FOLLOW|FORMATION_FOLLOW,1,1,39.1,-4.912,-4.918,-1.851,-30.527,-37.503,-33.999,-5.057,-5.057,-5.058
,0.0,0.25,0.0,6.9778,4.6298,4.6578,0,0.0443,0.0443,OK,0.25,FORMATION_FOLLOW|FORMATION_FOLLOW|FORMATION_FOLLOW,1,1,39.2,-4.882,-4.889,-1.82,-30.526,-37.504,-34.0,-5.057,-5.056,-5.058
,0.0,0.25,0.0,6.9783,4.6295,4.6584,0,0.0444,0.0444,OK,0.25,FORMATION_FOLLOW|FORMATION_FOLLOW|FORMATION_FOLLOW,1,1,39.3,-4.851,-4.859,-1.79,-30.527,-37.505,-34.0,-5.057,-5.056,-5.058
,0.0,0.25,0.0,6.9781,4.6288,4.6589,0,0.0444,0.0444,OK,0.25,FORMATION_FOLLOW|FORMATION_FOLLOW|FORMATION_FOLLOW,1,1,39.4,-4.821,-4.829,-1.76,-30.527,-37.505,-34.0,-5.056,-5.056,-5.058
,0.0,0.25,0.0,6.9775,4.6277,4.6593,0,0.0444,0.0444,OK,0.25,FORMATION_FOLLOW|FORMATION_FOLLOW|FORMATION_FOLLOW,1,1,39.5,-4.791,-4.799,-1.731,-30.528,-37.505,-33.999,-5.056,-5.056,-5.058
,0.0,0.25,0.0,6.9768,4.627,4.6593,0,0.0445,0.0445,OK,0.25,FORMATION_FOLLOW|FORMATION_FOLLOW|FORMATION_FOLLOW,1,1,39.6,-4.761,-4.769,-1.701,-30.528,-37.505,-33.999,-5.056,-5.056,-5.057
,0.0,0.25,0.0,6.9764,4.6269,4.6592,0,0.0445,0.0445,OK,0.25,FORMATION_FOLLOW|FORMATION_FOLLOW|FORMATION_FOLLOW,1,1,39.7,-4.731,-4.739,-1.671,-30.528,-37.505,-33.999,-5.056,-5.056,-5.057
,0.0,0.25,0.0,6.9762,4.6271,4.659,0,0.0445,0.0445,OK,0.25,FORMATION_FOLLOW|FORMATION_FOLLOW|FORMATION_FOLLOW,1,1,39.8,-4.701,-4.709,-1.641,-30.529,-37.505,-33.999,-5.055,-5.056,-5.056
,0.0,0.25,0.0,6.9762,4.6273,4.6583,0,0.0443,0.0443,OK,0.25,FORMATION_FOLLOW|FORMATION_FOLLOW|FORMATION_FOLLOW,1,1,39.9,-4.672,-4.679,-1.611,-30.529,-37.505,-34.0,-5.055,-5.056,-5.056
,0.0,0.25,0.0,6.9762,4.6274,4.6576,0,0.0439,0.0439,OK,0.25,FORMATION_FOLLOW|FORMATION_FOLLOW|FORMATION_FOLLOW,1,1,40.0,-4.642,-4.649,-1.582,-30.529,-37.506,-34.0,-5.055,-5.056,-5.057
,0.0,0.25,0.0,6.9764,4.6279,4.6571,0,0.0438,0.0438,OK,0.25,FORMATION_FOLLOW|FORMATION_FOLLOW|FORMATION_FOLLOW,1,1,40.1,-4.613,-4.619,-1.552,-30.529,-37.506,-34.001,-5.055,-5.056,-5.057
,0.0,0.25,0.0,6.9769,4.6288,4.657,0,0.0439,0.0439,OK,0.25,FORMATION_FOLLOW|FORMATION_FOLLOW|FORMATION_FOLLOW,1,1,40.2,-4.584,-4.589,-1.523,-30.529,-37.506,-34.001,-5.055,-5.056,-5.058
,0.0,0.25,0.0,6.9776,4.6293,4.6569,0,0.0439,0.0439,OK,0.25,FORMATION_FOLLOW|FORMATION_FOLLOW|FORMATION_FOLLOW,1,1,40.3,-4.555,-4.559,-1.493,-30.529,-37.506,-34.001,-5.054,-5.055,-5.058
,0.0,0.25,0.0,6.9785,4.6296,4.6569,0,0.0438,0.0438,OK,0.25,FORMATION_FOLLOW|FORMATION_FOLLOW|FORMATION_FOLLOW,1,1,40.4,-4.525,-4.53,-1.464,-30.528,-37.507,-34.001,-5.053,-5.055,-5.059
,0.0,0.25,0.0,6.9787,4.63,4.6564,0,0.0436,0.0436,OK,0.25,FORMATION_FOLLOW|FORMATION_FOLLOW|FORMATION_FOLLOW,1,1,40.5,-4.496,-4.5,-1.435,-30.528,-37.506,-34.001,-5.053,-5.054,-5.059
,0.0,0.25,0.0,6.9791,4.6311,4.6559,0,0.0437,0.0437,OK,0.25,FORMATION_FOLLOW|FORMATION_FOLLOW|FORMATION_FOLLOW,1,1,40.6,-4.467,-4.471,-1.406,-30.527,-37.506,-34.002,-5.052,-5.054,-5.06
,0.0,0.25,0.0,6.9792,4.6317,4.6555,0,0.0438,0.0438,OK,0.25,FORMATION_FOLLOW|FORMATION_FOLLOW|FORMATION_FOLLOW,1,1,40.7,-4.438,-4.442,-1.376,-30.526,-37.506,-34.002,-5.052,-5.054,-5.061
,0.0,0.25,0.0,6.9789,4.6321,4.6548,0,0.0437,0.0437,OK,0.25,FORMATION_FOLLOW|FORMATION_FOLLOW|FORMATION_FOLLOW,1,1,40.8,-4.408,-4.412,-1.347,-30.526,-37.505,-34.002,-5.052,-5.053,-5.061
,0.0,0.25,0.0,6.9789,4.6326,4.6542,0,0.0436,0.0436,OK,0.25,FORMATION_FOLLOW|FORMATION_FOLLOW|FORMATION_FOLLOW,1,1,40.9,-4.379,-4.383,-1.318,-30.526,-37.505,-34.003,-5.052,-5.053,-5.062
,0.0,0.25,0.0,6.9793,4.6333,4.6541,0,0.0437,0.0437,OK,0.25,FORMATION_FOLLOW|FORMATION_FOLLOW|FORMATION_FOLLOW,1,1,41.0,-4.35,-4.354,-1.288,-30.526,-37.505,-34.003,-5.052,-5.053,-5.062
,0.0,0.25,0.0,6.9792,4.6342,4.6541,0,0.0441,0.0441,OK,0.25,FORMATION_FOLLOW|FORMATION_FOLLOW|FORMATION_FOLLOW,1,1,41.1,-4.321,-4.324,-1.258,-30.525,-37.505,-34.003,-5.052,-5.052,-5.062
,0.0,0.25,0.0,6.9788,4.6347,4.6541,0,0.0444,0.0444,OK,0.25,FORMATION_FOLLOW|FORMATION_FOLLOW|FORMATION_FOLLOW,1,1,41.2,-4.292,-4.295,-1.228,-30.525,-37.504,-34.003,-5.052,-5.052,-5.061
,0.0,0.25,0.0,6.9784,4.6349,4.6543,0,0.0447,0.0447,OK,0.25,FORMATION_FOLLOW|FORMATION_FOLLOW|FORMATION_FOLLOW,1,1,41.3,-4.262,-4.266,-1.199,-30.526,-37.504,-34.004,-5.052,-5.053,-5.061
,0.0,0.25,0.0,6.9783,4.6352,4.6544,0,0.0449,0.0449,OK,0.25,FORMATION_FOLLOW|FORMATION_FOLLOW|FORMATION_FOLLOW,1,1,41.4,-4.232,-4.237,-1.169,-30.526,-37.504,-34.004,-5.051,-5.053,-5.061
,0.0,0.25,0.0,6.9785,4.636,4.6545,0,0.0452,0.0452,OK,0.25,FORMATION_FOLLOW|FORMATION_FOLLOW|FORMATION_FOLLOW,1,1,41.5,-4.203,-4.208,-1.139,-30.525,-37.504,-34.005,-5.051,-5.053,-5.061
,0.0,0.25,0.0,6.9785,4.637,4.6541,0,0.0454,0.0454,OK,0.25,FORMATION_FOLLOW|FORMATION_FOLLOW|FORMATION_FOLLOW,1,1,41.6,-4.173,-4.178,-1.109,-30.525,-37.504,-34.005,-5.051,-5.053,-5.061
,0.0,0.25,0.0,6.9785,4.6379,4.6531,0,0.0452,0.0452,OK,0.25,FORMATION_FOLLOW|FORMATION_FOLLOW|FORMATION_FOLLOW,1,1,41.7,-4.143,-4.149,-1.079,-30.525,-37.503,-34.006,-5.051,-5.053,-5.061
,0.0,0.25,0.0,6.9788,4.6389,4.652,0,0.0451,0.0451,OK,0.25,FORMATION_FOLLOW|FORMATION_FOLLOW|FORMATION_FOLLOW,1,1,41.8,-4.114,-4.119,-1.05,-30.525,-37.503,-34.007,-5.051,-5.053,-5.061
,0.0,0.25,0.0,6.979,4.6396,4.6514,0,0.0449,0.0449,OK,0.25,FORMATION_FOLLOW|FORMATION_FOLLOW|FORMATION_FOLLOW,1,1,41.9,-4.084,-4.089,-1.02,-30.524,-37.503,-34.008,-5.052,-5.053,-5.061
,0.0,0.25,0.0,6.9793,4.6397,4.6511,0,0.0447,0.0447,OK,0.25,FORMATION_FOLLOW|FORMATION_FOLLOW|FORMATION_FOLLOW,1,1,42.0,-4.054,-4.06,-0.991,-30.524,-37.503,-34.009,-5.052,-5.053,-5.061
,0.0,0.25,0.0,6.9792,4.6396,4.651,0,0.0446,0.0446,OK,0.25,FORMATION_FOLLOW|FORMATION_FOLLOW|FORMATION_FOLLOW,1,1,42.1,-4.023,-4.031,-0.961,-30.524,-37.503,-34.009,-5.053,-5.053,-5.061
,0.0,0.25,0.0,6.9793,4.6399,4.6512,0,0.0447,0.0447,OK,0.25,FORMATION_FOLLOW|FORMATION_FOLLOW|FORMATION_FOLLOW,1,1,42.2,-3.992,-4.002,-0.931,-30.523,-37.503,-34.01,-5.053,-5.053,-5.061
,0.0,0.25,0.0,6.9795,4.6404,4.6514,0,0.0449,0.0449,OK,0.25,FORMATION_FOLLOW|FORMATION_FOLLOW|FORMATION_FOLLOW,1,1,42.3,-3.961,-3.974,-0.901,-30.523,-37.502,-34.011,-5.054,-5.053,-5.061
,0.0,0.25,0.0,6.9794,4.6408,4.6516,0,0.0452,0.0452,OK,0.25,FORMATION_FOLLOW|FORMATION_FOLLOW|FORMATION_FOLLOW,1,1,42.4,-3.93,-3.946,-0.87,-30.523,-37.502,-34.012,-5.054,-5.054,-5.061
,0.0,0.25,0.0,6.9792,4.6411,4.6518,0,0.0455,0.0455,OK,0.25,FORMATION_FOLLOW|FORMATION_FOLLOW|FORMATION_FOLLOW,1,1,42.5,-3.899,-3.918,-0.84,-30.523,-37.502,-34.013,-5.055,-5.054,-5.061
,0.0,0.25,0.0,6.9795,4.6415,4.6519,0,0.0456,0.0456,OK,0.25,FORMATION_FOLLOW|FORMATION_FOLLOW|FORMATION_FOLLOW,1,1,42.6,-3.868,-3.889,-0.811,-30.522,-37.502,-34.014,-5.055,-5.055,-5.061
,0.0,0.25,0.0,6.9801,4.6422,4.6523,0,0.046,0.046,OK,0.25,FORMATION_FOLLOW|FORMATION_FOLLOW|FORMATION_FOLLOW,1,1,42.7,-3.838,-3.861,-0.781,-30.521,-37.502,-34.015,-5.056,-5.055,-5.061
,0.0,0.25,0.0,6.9804,4.6431,4.6528,0,0.0466,0.0466,OK,0.25,FORMATION_FOLLOW|FORMATION_FOLLOW|FORMATION_FOLLOW,1,1,42.8,-3.807,-3.833,-0.75,-30.521,-37.501,-34.016,-5.057,-5.055,-5.062
,0.0,0.25,0.0,6.9806,4.644,4.6536,0,0.0474,0.0474,OK,0.25,FORMATION_FOLLOW|FORMATION_FOLLOW|FORMATION_FOLLOW,1,1,42.9,-3.777,-3.804,-0.72,-30.521,-37.501,-34.016,-5.058,-5.055,-5.062
,0.0,0.25,0.0,6.9803,4.6448,4.6542,0,0.0482,0.0482,OK,0.25,FORMATION_FOLLOW|FORMATION_FOLLOW|FORMATION_FOLLOW,1,1,43.0,-3.747,-3.775,-0.689,-30.521,-37.501,-34.017,-5.058,-5.056,-5.062
,0.0,0.25,0.0,6.9793,4.6453,4.655,0,0.0493,0.0493,OK,0.25,FORMATION_FOLLOW|FORMATION_FOLLOW|FORMATION_FOLLOW,1,1,43.1,-3.718,-3.747,-0.659,-30.521,-37.5,-34.017,-5.058,-5.056,-5.062
,0.0,0.25,0.0,6.9782,4.6456,4.6562,0,0.0504,0.0504,OK,0.25,FORMATION_FOLLOW|FORMATION_FOLLOW|FORMATION_FOLLOW,1,1,43.2,-3.688,-3.718,-0.628,-30.521,-37.499,-34.016,-5.059,-5.055,-5.062
,0.0,0.25,0.0,6.9774,4.6462,4.657,0,0.0514,0.0514,OK,0.25,FORMATION_FOLLOW|FORMATION_FOLLOW|FORMATION_FOLLOW,1,1,43.3,-3.659,-3.689,-0.597,-30.521,-37.499,-34.016,-5.06,-5.055,-5.062
,0.0,0.25,0.0,6.9764,4.6469,4.6572,0,0.0522,0.0522,OK,0.25,FORMATION_FOLLOW|FORMATION_FOLLOW|FORMATION_FOLLOW,1,1,43.4,-3.63,-3.66,-0.567,-30.522,-37.498,-34.016,-5.061,-5.056,-5.062
,0.0,0.25,0.0,6.9754,4.6475,4.6572,0,0.0528,0.0528,OK,0.25,FORMATION_FOLLOW|FORMATION_FOLLOW|FORMATION_FOLLOW,1,1,43.5,-3.601,-3.63,-0.537,-30.522,-37.498,-34.017,-5.062,-5.056,-5.062
,0.0,0.25,0.0,6.9747,4.648,4.6571,0,0.0534,0.0534,OK,0.25,FORMATION_FOLLOW|FORMATION_FOLLOW|FORMATION_FOLLOW,1,1,43.6,-3.571,-3.601,-0.507,-30.523,-37.497,-34.017,-5.063,-5.056,-5.062
,0.0,0.25,0.0,6.9746,4.6487,4.6567,0,0.0536,0.0536,OK,0.25,FORMATION_FOLLOW|FORMATION_FOLLOW|FORMATION_FOLLOW,1,1,43.7,-3.542,-3.572,-0.477,-30.523,-37.497,-34.018,-5.063,-5.057,-5.061
,0.0,0.25,0.0,6.9745,4.6491,4.6561,0,0.0535,0.0535,OK,0.25,FORMATION_FOLLOW|FORMATION_FOLLOW|FORMATION_FOLLOW,1,1,43.8,-3.513,-3.543,-0.448,-30.523,-37.497,-34.018,-5.063,-5.057,-5.061
,0.0,0.25,0.0,6.9749,4.6494,4.6555,0,0.0533,0.0533,OK,0.25,FORMATION_FOLLOW|FORMATION_FOLLOW|FORMATION_FOLLOW,1,1,43.9,-3.484,-3.513,-0.419,-30.522,-37.497,-34.019,-5.063,-5.057,-5.061
,0.0,0.25,0.0,6.9751,4.6493,4.6551,0,0.053,0.053,OK,0.25,FORMATION_FOLLOW|FORMATION_FOLLOW|FORMATION_FOLLOW,1,1,44.0,-3.454,-3.483,-0.39,-30.523,-37.498,-34.019,-5.063,-5.056,-5.06
,0.0,0.25,0.0,6.9752,4.6492,4.6549,0,0.0528,0.0528,OK,0.25,FORMATION_FOLLOW|FORMATION_FOLLOW|FORMATION_FOLLOW,1,1,44.1,-3.424,-3.453,-0.36,-30.523,-37.498,-34.019,-5.062,-5.056,-5.06
,0.0,0.25,0.0,6.9754,4.6491,4.6551,0,0.0528,0.0528,OK,0.25,FORMATION_FOLLOW|FORMATION_FOLLOW|FORMATION_FOLLOW,1,1,44.2,-3.394,-3.423,-0.33,-30.523,-37.498,-34.02,-5.062,-5.055,-5.06
,0.0,0.25,0.0,6.9757,4.649,4.6555,0,0.0528,0.0528,OK,0.25,FORMATION_FOLLOW|FORMATION_FOLLOW|FORMATION_FOLLOW,1,1,44.3,-3.364,-3.393,-0.3,-30.523,-37.499,-34.02,-5.062,-5.054,-5.06
,0.0,0.25,0.0,6.976,4.6486,4.656,0,0.0527,0.0527,OK,0.25,FORMATION_FOLLOW|FORMATION_FOLLOW|FORMATION_FOLLOW,1,1,44.4,-3.333,-3.363,-0.27,-30.523,-37.499,-34.019,-5.061,-5.053,-5.061
,0.0,0.25,0.0,6.9764,4.6487,4.6563,0,0.0528,0.0528,OK,0.25,FORMATION_FOLLOW|FORMATION_FOLLOW|FORMATION_FOLLOW,1,1,44.5,-3.303,-3.333,-0.239,-30.523,-37.499,-34.019,-5.06,-5.053,-5.061
,0.0,0.25,0.0,6.977,4.649,4.6566,0,0.0529,0.0529,OK,0.25,FORMATION_FOLLOW|FORMATION_FOLLOW|FORMATION_FOLLOW,1,1,44.6,-3.273,-3.303,-0.209,-30.523,-37.5,-34.02,-5.06,-5.052,-5.06
,0.0,0.25,0.0,6.9772,4.6487,4.6566,0,0.0526,0.0526,OK,0.25,FORMATION_FOLLOW|FORMATION_FOLLOW|FORMATION_FOLLOW,1,1,44.7,-3.243,-3.273,-0.179,-30.524,-37.501,-34.02,-5.06,-5.051,-5.06
,0.0,0.25,0.0,6.9771,4.6481,4.6568,0,0.0525,0.0525,OK,0.25,FORMATION_FOLLOW|FORMATION_FOLLOW|FORMATION_FOLLOW,1,1,44.8,-3.212,-3.243,-0.15,-30.524,-37.501,-34.021,-5.06,-5.051,-5.06
,0.0,0.25,0.0,6.9764,4.6478,4.6572,0,0.0528,0.0528,OK,0.25,FORMATION_FOLLOW|FORMATION_FOLLOW|FORMATION_FOLLOW,1,1,44.9,-3.183,-3.213,-0.119,-30.525,-37.501,-34.021,-5.059,-5.05,-5.06
,0.0,0.25,0.0,6.9761,4.648,4.6574,0,0.0531,0.0531,OK,0.25,FORMATION_FOLLOW|FORMATION_FOLLOW|FORMATION_FOLLOW,1,1,45.0,-3.153,-3.184,-0.089,-30.526,-37.502,-34.021,-5.059,-5.051,-5.061
