cur_x,cur_y,cur_z,d_0_1,episodes,formation_state,max_drift,modes,p1_ok,p2_ok,t,x0,x1,y0,y1,z0,z1
0.0,0.0,0.0,10.6063,0,,0.0,FORMATION_FOLLOW|FORMATION_FOLLOW,1,1,0.1,-7.5,-0.0,-31.0,-38.5,-5.001,-5.0
0.0,0.0,0.0,10.6062,0,,0.0,FORMATION_FOLLOW|FORMATION_FOLLOW,1,1,0.2,-7.5,-0.0,-31.001,-38.501,-5.001,-5.001
0.0,0.0,0.0,10.6061,0,,0.0,FORMATION_FOLLOW|FORMATION_FOLLOW,1,1,0.3,-7.5,-0.0,-31.001,-38.501,-5.003,-5.003
0.0,0.0,0.0,10.6061,0,,0.0,FORMATION_FOLLOW|FORMATION_FOLLOW,1,1,0.4,-7.499,-0.0,-31.002,-38.502,-5.005,-5.004
0.0,0.0,0.0,10.6062,0,,0.0,FORMATION_FOLLOW|FORMATION_FOLLOW,1,1,0.5,-7.499,-0.0,-31.002,-38.503,-5.007,-5.006
0.0,0.0,0.0,10.6063,0,,0.0,FORMATION_FOLLOW|FORMATION_FOLLOW,1,1,0.6,-7.499,-0.0,-31.003,-38.503,-5.01,-5.008
0.0,0.0,0.0,10.6067,0,,0.0,FORMATION_FOLLOW|FORMATION_FOLLOW,1,1,0.7,-7.499,0.0,-31.003,-38.504,-5.013,-5.011
0.0,0.0,0.0,10.6073,0,,0.0,FORMATION_FOLLOW|FORMATION_FOLLOW,1,1,0.8,-7.499,0.001,-31.003,-38.505,-5.016,-5.013
0.0,0.0,0.0,10.6079,0,,0.0,FORMATION_FOLLOW|FORMATION_FOLLOW,1,1,0.9,-7.499,0.001,-31.004,-38.505,-5.019,-5.016
0.0,0.0,0.0,10.6088,0,,0.0,FORMATION_FOLLOW|FORMATION_FOLLOW,1,1,1.0,-7.499,0.002,-31.003,-38.506,-5.022,-5.018
0.0,0.0,0.0,10.6024,0,,0.0,FORMATION_FOLLOW|FORMATION_FOLLOW,1,1,1.1,-7.493,0.002,-31.003,-38.501,-5.025,-5.021
0.0,0.0,0.0,10.5866,0,,0.0,FORMATION_FOLLOW|FORMATION_FOLLOW,1,1,1.2,-7.481,0.002,-31.002,-38.491,-5.027,-5.023
0.0,0.0,0.0,10.5631,0,,0.0,FORMATION_FOLLOW|FORMATION_FOLLOW,1,1,1.3,-7.464,0.003,-31.002,-38.474,-5.03,-5.026
0.0,0.0,0.0,10.5329,0,,0.0,FORMATION_FOLLOW|FORMATION_FOLLOW,1,1,1.4,-7.442,0.003,-31.002,-38.453,-5.032,-5.028
0.0,0.0,0.0,10.4977,0,,0.0,FORMATION_FOLLOW|FORMATION_FOLLOW,1,1,1.5,-7.416,0.003,-31.002,-38.428,-5.035,-5.031
0.0,0.0,0.0,10.4583,0,,0.0,FORMATION_FOLLOW|FORMATION_FOLLOW,1,1,1.6,-7.387,0.004,-31.001,-38.4,-5.037,-5.033
0.0,0.0,0.0,10.4157,0,,0.0,FORMATION_FOLLOW|FORMATION_FOLLOW,1,1,1.7,-7.356,0.004,-31.0,-38.369,-5.039,-5.035
0.0,0.0,0.0,10.3701,0,,0.0,FORMATION_FOLLOW|FORMATION_FOLLOW,1,1,1.8,-7.323,0.005,-30.999,-38.337,-5.041,-5.037
0.0,0.0,0.0,10.3223,0,,0.0,FORMATION_FOLLOW|FORMATION_FOLLOW,1,1,1.9,-7.289,0.006,-30.999,-38.302,-5.042,-5.039
0.0,0.0,0.0,10.2734,0,,0.0,FORMATION_FOLLOW|FORMATION_FOLLOW,1,1,2.0,-7.254,0.006,-30.998,-38.266,-5.044,-5.041
0.0,0.0,0.0,10.2235,0,,0.0,FORMATION_FOLLOW|FORMATION_FOLLOW,1,1,2.1,-7.218,0.007,-30.997,-38.23,-5.045,-5.043
0.0,0.0,0.0,10.1728,0,,0.0,FORMATION_FOLLOW|FORMATION_FOLLOW,1,1,2.2,-7.182,0.008,-30.996,-38.193,-5.046,-5.044
0.0,0.0,0.0,10.1223,0,,0.0,FORMATION_FOLLOW|FORMATION_FOLLOW,1,1,2.3,-7.146,0.009,-30.995,-38.155,-5.047,-5.045
0.0,0.0,0.0,10.0718,0,,0.0,FORMATION_FOLLOW|FORMATION_FOLLOW,1,1,2.4,-7.11,0.01,-30.994,-38.118,-5.048,-5.046
0.0,0.0,0.0,10.0213,0,,0.0,FORMATION_FOLLOW|FORMATION_FOLLOW,1,1,2.5,-7.075,0.01,-30.993,-38.081,-5.049,-5.047
0.0,0.0,0.0,9.9707,0,,0.0,FORMATION_FOLLOW|FORMATION_FOLLOW,1,1,2.6,-7.039,0.011,-30.993,-38.044,-5.05,-5.048
0.0,0.0,0.0,9.9198,0,,0.0,FORMATION_FOLLOW|FORMATION_FOLLOW,1,1,2.7,-7.004,0.011,-30.993,-38.007,-5.05,-5.049
0.0,0.0,0.0,9.869,0,,0.0,FORMATION_FOLLOW|FORMATION_FOLLOW,1,1,2.8,-6.969,0.011,-30.993,-37.97,-5.051,-5.049
0.0,0.0,0.0,9.819,0,,0.0,FORMATION_FOLLOW|FORMATION_FOLLOW,1,1,2.9,-6.934,0.011,-30.993,-37.934,-5.052,-5.05
0.0,0.0,0.0,9.7699,0,,0.0,FORMATION_FOLLOW|FORMATION_FOLLOW,1,1,3.0,-6.9,0.011,-30.993,-37.899,-5.052,-5.05
0.0,0.0,0.0,9.7214,0,,0.0,FORMATION_FOLLOW|FORMATION_FOLLOW,1,1,3.1,-6.865,0.012,-30.993,-37.865,-5.053,-5.051
0.0,0.0,0.0,9.6736,0,,0.0,FORMATION_FOLLOW|FORMATION_FOLLOW,1,1,3.2,-6.831,0.012,-30.994,-37.831,-5.053,-5.051
0.0,0.0,0.0,9.6265,0,,0.0,FORMATION_FOLLOW|FORMATION_FOLLOW,1,1,3.3,-6.798,0.012,-30.994,-37.798,-5.054,-5.051
0.0,0.0,0.0,9.5806,0,,0.0,FORMATION_FOLLOW|FORMATION_FOLLOW,1,1,3.4,-6.765,0.012,-30.994,-37.765,-5.054,-5.051
0.0,0.0,0.0,9.5347,0,,0.0,FORMATION_FOLLOW|FORMATION_FOLLOW,1,1,3.5,-6.732,0.012,-30.994,-37.733,-5.055,-5.052
0.0,0.0,0.0,9.4893,0,,0.0,FORMATION_FOLLOW|FORMATION_FOLLOW,1,1,3.6,-6.7,0.012,-30.994,-37.701,-5.054,-5.052
0.0,0.0,0.0,9.4446,0,,0.0,FORMATION_FOLLOW|FORMATION_FOLLOW,1,1,3.7,-6.669,0.012,-30.994,-37.67,-5.054,-5.052
0.0,0.0,0.0,9.4003,0,,0.0,FORMATION_FOLLOW|FORMATION_FOLLOW,1,1,3.8,-6.637,0.012,-30.995,-37.639,-5.054,-5.052
0.0,0.0,0.0,9.3566,0,,0.0,FORMATION_FOLLOW|FORMATION_FOLLOW,1,1,3.9,-6.606,0.013,-30.995,-37.608,-5.054,-5.051
0.0,0.0,0.0,9.3134,0,,0.0,FORMATION_FOLLOW|FORMATION_FOLLOW,1,1,4.0,-6.576,0.014,-30.996,-37.578,-5.053,-5.051
0.0,0.0,0.0,9.2705,0,,0.0,FORMATION_FOLLOW|FORMATION_FOLLOW,1,1,4.1,-6.545,0.015,-30.997,-37.547,-5.053,-5.051
0.0,0.0,0.0,9.2282,0,,0.0,FORMATION_FOLLOW|FORMATION_FOLLOW,1,1,4.2,-6.515,0.016,-30.997,-37.517,-5.053,-5.051
0.0,0.0,0.0,9.1865,0,,0.0,FORMATION_FOLLOW|FORMATION_FOLLOW,1,1,4.3,-6.485,0.017,-30.998,-37.488,-5.053,-5.05
0.0,0.0,0.0,9.145,0,,0.0,FORMATION_FOLLOW|FORMATION_FOLLOW,1,1,4.4,-6.455,0.017,-30.998,-37.459,-5.053,-5.051
0.0,0.0,0.0,9.1034,0,,0.0,FORMATION_FOLLOW|FORMATION_FOLLOW,1,1,4.5,-6.425,0.018,-30.998,-37.429,-5.053,-5.051
0.0,0.0,0.0,9.0619,0,,0.0,FORMATION_FOLLOW|FORMATION_FOLLOW,1,1,4.6,-6.395,0.018,-30.999,-37.4,-5.053,-5.051
0.0,0.0,0.0,9.0204,0,,0.0,FORMATION_FOLLOW|FORMATION_FOLLOW,1,1,4.7,-6.366,0.018,-30.999,-37.371,-5.053,-5.052
0.0,0.0,0.0,8.9788,0,,0.0,FORMATION_FOLLOW|FORMATION_FOLLOW,1,1,4.8,-6.336,0.019,-30.999,-37.342,-5.053,-5.052
0.0,0.0,0.0,8.9373,0,,0.0,FORMATION_FOLLOW|FORMATION_FOLLOW,1,1,4.9,-6.307,0.019,-30.999,-37.313,-5.053,-5.052
0.0,0.0,0.0,8.8961,0,,0.0,FORMATION_FOLLOW|FORMATION_FOLLOW,1,1,5.0,-6.278,0.019,-31.0,-37.284,-5.053,-5.053
0.0,0.0,0.0,8.8548,0,,0.0,FORMATION_FOLLOW|FORMATION_FOLLOW,1,1,5.1,-6.25,0.018,-31.001,-37.255,-5.052,-5.053
0.0,0.0,0.0,8.8134,0,,0.0,FORMATION_FOLLOW|FORMATION_FOLLOW,1,1,5.2,-6.221,0.018,-31.001,-37.227,-5.052,-5.054
0.0,0.0,0.0,8.7719,0,,0.0,FORMATION_FOLLOW|FORMATION_FOLLOW,1,1,5.3,-6.192,0.018,-31.002,-37.198,-5.052,-5.055
0.0,0.0,0.0,8.73,0,,0.0,FORMATION_FOLLOW|FORMATION_FOLLOW,1,1,5.4,-6.162,0.018,-31.003,-37.169,-5.051,-5.056
0.0,0.0,0.0,8.688,0,,0.0,FORMATION_FOLLOW|FORMATION_FOLLOW,1,1,5.5,-6.132,0.017,-31.003,-37.14,-5.051,-5.056
0.0,0.0,0.0,8.6458,0,,0.0,FORMATION_FOLLOW|FORMATION_FOLLOW,1,1,5.6,-6.103,0.017,-31.003,-37.111,-5.051,-5.057
0.0,0.0,0.0,8.6037,0,,0.0,FORMATION_FOLLOW|FORMATION_FOLLOW,1,1,5.7,-6.074,0.016,-31.004,-37.082,-5.051,-5.057
0.0,0.0,0.0,8.5615,0,,0.0,FORMATION_FOLLOW|FORMATION_FOLLOW,1,1,5.8,-6.044,0.015,-31.004,-37.053,-5.051,-5.058
0.0,0.0,0.0,8.5195,0,,0.0,FORMATION_FOLLOW|FORMATION_FOLLOW,1,1,5.9,-6.015,0.014,-31.005,-37.024,-5.051,-5.058
0.0,0.0,0.0,8.4774,0,,0.0,FORMATION_FOLLOW|FORMATION_FOLLOW,1,1,6.0,-5.986,0.014,-31.006,-36.995,-5.052,-5.058
0.0,0.0,0.0,8.4352,0,,0.0,FORMATION_FOLLOW|FORMATION_FOLLOW,1,1,6.1,-5.957,0.013,-31.007,-36.967,-5.052,-5.058
0.0,0.0,0.0,8.3933,0,,0.0,FORMATION_FOLLOW|FORMATION_FOLLOW,1,1,6.2,-5.927,0.014,-31.009,-36.938,-5.052,-5.058
0.0,0.0,0.0,8.3517,0,,0.0,FORMATION_FOLLOW|FORMATION_FOLLOW,1,1,6.3,-5.898,0.016,-31.012,-36.909,-5.053,-5.058
0.0,0.0,0.0,8.3103,0,,0.0,FORMATION_FOLLOW|FORMATION_FOLLOW,1,1,6.4,-5.868,0.018,-31.015,-36.881,-5.054,-5.058
0.0,0.0,0.0,8.2692,0,,0.0,FORMATION_FOLLOW|FORMATION_FOLLOW,1,1,6.5,-5.839,0.022,-31.019,-36.852,-5.055,-5.059
0.0,0.0,0.0,8.2279,0,,0.0,FORMATION_FOLLOW|FORMATION_FOLLOW,1,1,6.6,-5.809,0.027,-31.025,-36.824,-5.056,-5.059
0.0,0.0,0.0,8.1869,0,,0.0,FORMATION_FOLLOW|FORMATION_FOLLOW,1,1,6.7,-5.779,0.034,-31.031,-36.796,-5.056,-5.059
0.0,0.0,0.0,8.1463,0,,0.0,FORMATION_FOLLOW|FORMATION_FOLLOW,1,1,6.8,-5.75,0.042,-31.04,-36.768,-5.057,-5.059
0.0,0.0,0.0,8.1061,0,,0.0,FORMATION_FOLLOW|FORMATION_FOLLOW,1,1,6.9,-5.721,0.051,-31.049,-36.74,-5.058,-5.058
0.0,0.0,0.0,8.066,0,,0.0,FORMATION_FOLLOW|FORMATION_FOLLOW,1,1,7.0,-5.692,0.062,-31.059,-36.712,-5.058,-5.058
0.0,0.0,0.0,8.0257,0,,0.0,FORMATION_FOLLOW|FORMATION_FOLLOW,1,1,7.1,-5.664,0.074,-31.071,-36.683,-5.058,-5.058
0.0,0.0,0.0,7.9853,0,,0.0,FORMATION_FOLLOW|FORMATION_FOLLOW,1,1,7.2,-5.635,0.087,-31.084,-36.654,-5.059,-5.058
0.0,0.0,0.0,7.9451,0,,0.0,FORMATION_FOLLOW|FORMATION_FOLLOW,1,1,7.3,-5.606,0.102,-31.099,-36.626,-5.059,-5.058
0.0,0.0,0.0,7.9054,0,,0.0,FORMATION_FOLLOW|FORMATION_FOLLOW,1,1,7.4,-5.578,0.118,-31.114,-36.597,-5.059,-5.059
0.0,0.0,0.0,7.8657,0,,0.0,FORMATION_FOLLOW|FORMATION_FOLLOW,1,1,7.5,-5.549,0.135,-31.131,-36.568,-5.059,-5.059
0.0,0.0,0.0,7.826,0,,0.0,FORMATION_FOLLOW|FORMATION_FOLLOW,1,1,7.6,-5.521,0.154,-31.149,-36.538,-5.059,-5.06
0.0,0.0,0.0,7.7859,0,,0.0,FORMATION_FOLLOW|FORMATION_FOLLOW,1,1,7.7,-5.492,0.173,-31.167,-36.508,-5.059,-5.06
0.0,0.0,0.0,7.7455,0,,0.0,FORMATION_FOLLOW|FORMATION_FOLLOW,1,1,7.8,-5.463,0.194,-31.187,-36.479,-5.06,-5.06
0.0,0.0,0.0,7.7056,0,,0.0,FORMATION_FOLLOW|FORMATION_FOLLOW,1,1,7.9,-5.433,0.216,-31.208,-36.449,-5.06,-5.06
0.0,0.0,0.0,7.6664,0,,0.0,FORMATION_FOLLOW|FORMATION_FOLLOW,1,1,8.0,-5.404,0.239,-31.231,-36.42,-5.06,-5.059
0.0,0.0,0.0,7.6274,0,,0.0,FORMATION_FOLLOW|FORMATION_FOLLOW,1,1,8.1,-5.375,0.262,-31.254,-36.391,-5.061,-5.058
0.0,0.0,0.0,7.5881,0,,0.0,FORMATION_FOLLOW|FORMATION_FOLLOW,1,1,8.2,-5.346,0.286,-31.277,-36.362,-5.061,-5.057
0.0,0.0,0.0,7.5483,0,,0.0,FORMATION_FOLLOW|FORMATION_FOLLOW,1,1,8.3,-5.316,0.311,-31.301,-36.333,-5.061,-5.056
0.0,0.0,0.0,7.5086,0,,0.0,FORMATION_FOLLOW|FORMATION_FOLLOW,1,1,8.4,-5.286,0.335,-31.326,-36.304,-5.061,-5.055
0.0,0.0,0.0,7.4691,0,,0.0,FORMATION_FOLLOW|FORMATION_FOLLOW,1,1,8.5,-5.257,0.36,-31.352,-36.275,-5.062,-5.054
0.0,0.0,0.0,7.4295,0,,0.0,FORMATION_FOLLOW|FORMATION_FOLLOW,1,1,8.6,-5.227,0.386,-31.378,-36.246,-5.062,-5.054
0.0,0.0,0.0,7.3898,0,,0.0,FORMATION_FOLLOW|FORMATION_FOLLOW,1,1,8.7,-5.197,0.412,-31.405,-36.217,-5.062,-5.053
0.0,0.0,0.0,7.3506,0,,0.0,FORMATION_FOLLOW|FORMATION_FOLLOW,1,1,8.8,-5.167,0.438,-31.432,-36.187,-5.062,-5.053
0.0,0.0,0.0,7.3117,0,,0.0,FORMATION_FOLLOW|FORMATION_FOLLOW,1,1,8.9,-5.137,0.465,-31.459,-36.158,-5.062,-5.053
0.0,0.0,0.0,7.273,0,,0.0,FORMATION_FOLLOW|FORMATION_FOLLOW,1,1,9.0,-5.107,0.492,-31.487,-36.129,-5.062,-5.053
0.0,0.0,0.0,7.2348,0,,0.0,FORMATION_FOLLOW|FORMATION_FOLLOW,1,1,9.1,-5.077,0.52,-31.515,-36.099,-5.062,-5.053
0.0,0.0,0.0,7.1971,0,,0.0,FORMATION_FOLLOW|FORMATION_FOLLOW,1,1,9.2,-5.047,0.548,-31.542,-36.07,-5.061,-5.053
0.0,0.0,0.0,7.1595,0,,0.0,FORMATION_FOLLOW|FORMATION_FOLLOW,1,1,9.3,-5.017,0.576,-31.57,-36.04,-5.061,-5.053
0.0,0.0,0.0,7.1218,0,,0.0,FORMATION_FOLLOW|FORMATION_FOLLOW,1,1,9.4,-4.987,0.605,-31.599,-36.009,-5.06,-5.053
0.0,0.0,0.0,7.0843,0,,0.0,FORMATION_FOLLOW|FORMATION_FOLLOW,1,1,9.5,-4.957,0.633,-31.628,-35.979,-5.059,-5.054
0.0,0.0,0.0,7.0473,0,,0.0,FORMATION_FOLLOW|FORMATION_FOLLOW,1,1,9.6,-4.927,0.662,-31.657,-35.949,-5.059,-5.054
0.0,0.0,0.0,7.0107,0,,0.0,FORMATION_FOLLOW|FORMATION_FOLLOW,1,1,9.7,-4.898,0.691,-31.686,-35.918,-5.058,-5.054
0.0,0.0,0.0,6.9749,0,,0.0,FORMATION_FOLLOW|FORMATION_FOLLOW,1,1,9.8,-4.869,0.72,-31.715,-35.888,-5.058,-5.054
0.0,0.0,0.0,6.9396,0,,0.0,FORMATION_FOLLOW|FORMATION_FOLLOW,1,1,9.9,-4.84,0.749,-31.744,-35.858,-5.058,-5.054
0.0,0.0,0.0,6.9044,0,,0.0,FORMATION_FOLLOW|FORMATION_FOLLOW,1,1,10.0,-4.811,0.777,-31.774,-35.828,-5.057,-5.054
0.0,0.0,0.0,6.8701,0,,0.0,FORMATION_FOLLOW|FORMATION_FOLLOW,1,1,10.1,-4.783,0.807,-31.804,-35.799,-5.057,-5.054
0.0,0.0,0.0,6.8362,0,,0.0,FORMATION_FOLLOW|FORMATION_FOLLOW,1,1,10.2,-4.754,0.836,-31.834,-35.769,-5.057,-5.054
0.0,0.0,0.0,6.8024,0,,0.0,FORMATION_FOLLOW|FORMATION_FOLLOW,1,1,10.3,-4.725,0.865,-31.865,-35.74,-5.058,-5.054
0.0,0.0,0.0,6.7692,0,,0.0,FORMATION_FOLLOW|FORMATION_FOLLOW,1,1,10.4,-4.696,0.895,-31.895,-35.71,-5.058,-5.054
0.0,0.0,0.0,6.7362,0,,0.0,FORMATION_FOLLOW|FORMATION_FOLLOW,1,1,10.5,-4.668,0.925,-31.926,-35.681,-5.058,-5.055
0.0,0.0,0.0,6.7038,0,,0.0,FORMATION_FOLLOW|FORMATION_FOLLOW,1,1,10.6,-4.639,0.954,-31.957,-35.652,-5.058,-5.055
0.0,0.0,0.0,6.6724,0,,0.0,FORMATION_FOLLOW|FORMATION_FOLLOW,1,1,10.7,-4.611,0.984,-31.988,-35.623,-5.057,-5.056
0.0,0.0,0.0,6.642,0,,0.0,FORMATION_FOLLOW|FORMATION_FOLLOW,1,1,10.8,-4.584,1.014,-32.019,-35.594,-5.057,-5.056
0.0,0.0,0.0,6.6123,0,,0.0,FORMATION_FOLLOW|FORMATION_FOLLOW,1,1,10.9,-4.556,1.045,-32.051,-35.565,-5.056,-5.057
0.0,0.0,0.0,6.583,0,,0.0,FORMATION_FOLLOW|FORMATION_FOLLOW,1,1,11.0,-4.529,1.075,-32.082,-35.537,-5.056,-5.057
0.0,0.0,0.0,6.5539,0,,0.0,FORMATION_FOLLOW|FORMATION_FOLLOW,1,1,11.1,-4.501,1.105,-32.113,-35.508,-5.056,-5.057
0.0,0.0,0.0,6.5254,0,,0.0,FORMATION_FOLLOW|FORMATION_FOLLOW,1,1,11.2,-4.473,1.135,-32.144,-35.48,-5.056,-5.057
0.0,0.0,0.0,6.4975,0,,0.0,FORMATION_FOLLOW|FORMATION_FOLLOW,1,1,11.3,-4.445,1.165,-32.175,-35.452,-5.055,-5.058
0.0,0.0,0.0,6.4705,0,,0.0,FORMATION_FOLLOW|FORMATION_FOLLOW,1,1,11.4,-4.418,1.195,-32.205,-35.424,-5.055,-5.058
0.0,0.0,0.0,6.4444,0,,0.0,FORMATION_FOLLOW|FORMATION_FOLLOW,1,1,11.5,-4.391,1.225,-32.236,-35.397,-5.055,-5.057
0.0,0.0,0.0,6.4189,0,,0.0,FORMATION_FOLLOW|FORMATION_FOLLOW,1,1,11.6,-4.364,1.255,-32.266,-35.369,-5.055,-5.057
0.0,0.0,0.0,6.3941,0,,0.0,FORMATION_FOLLOW|FORMATION_FOLLOW,1,1,11.7,-4.336,1.286,-32.296,-35.342,-5.055,-5.057
0.0,0.0,0.0,6.3694,0,,0.0,FORMATION_FOLLOW|FORMATION_FOLLOW,1,1,11.8,-4.309,1.316,-32.326,-35.314,-5.055,-5.058
0.0,0.0,0.0,6.3449,0,,0.0,FORMATION_FOLLOW|FORMATION_FOLLOW,1,1,11.9,-4.281,1.347,-32.356,-35.287,-5.054,-5.058
0.0,0.0,0.0,6.3207,0,,0.0,FORMATION_FOLLOW|FORMATION_FOLLOW,1,1,12.0,-4.253,1.377,-32.386,-35.259,-5.054,-5.059
0.0,0.0,0.0,6.2972,0,,0.0,FORMATION_FOLLOW|FORMATION_FOLLOW,1,1,12.1,-4.225,1.407,-32.415,-35.232,-5.054,-5.059
0.0,0.0,0.0,6.2741,0,,0.0,FORMATION_FOLLOW|FORMATION_FOLLOW,1,1,12.2,-4.198,1.437,-32.445,-35.205,-5.054,-5.06
0.0,0.0,0.0,6.2523,0,,0.0,FORMATION_FOLLOW|FORMATION_FOLLOW,1,1,12.3,-4.171,1.467,-32.475,-35.177,-5.054,-5.06
0.0,0.0,0.0,6.2307,0,,0.0,FORMATION_FOLLOW|FORMATION_FOLLOW,1,1,12.4,-4.143,1.498,-32.505,-35.15,-5.054,-5.061
0.0,0.0,0.0,6.2096,0,,0.0,FORMATION_FOLLOW|FORMATION_FOLLOW,1,1,12.5,-4.116,1.529,-32.536,-35.122,-5.054,-5.061
0.0,0.0,0.0,6.189,0,,0.0,FORMATION_FOLLOW|FORMATION_FOLLOW,1,1,12.6,-4.088,1.56,-32.566,-35.095,-5.054,-5.061
0.0,0.0,0.0,6.1691,0,,0.0,FORMATION_FOLLOW|FORMATION_FOLLOW,1,1,12.7,-4.061,1.591,-32.596,-35.068,-5.054,-5.062
0.0,0.0,0.0,6.1496,0,,0.0,FORMATION_FOLLOW|FORMATION_FOLLOW,1,1,12.8,-4.033,1.622,-32.626,-35.041,-5.054,-5.062
0.0,0.0,0.0,6.1309,0,,0.0,FORMATION_FOLLOW|FORMATION_FOLLOW,1,1,12.9,-4.006,1.653,-32.656,-35.015,-5.054,-5.062
0.0,0.0,0.0,6.1122,0,,0.0,FORMATION_FOLLOW|FORMATION_FOLLOW,1,1,13.0,-3.979,1.683,-32.686,-34.988,-5.054,-5.063
0.0,0.0,0.0,6.0934,0,,0.0,FORMATION_FOLLOW|FORMATION_FOLLOW,1,1,13.1,-3.951,1.714,-32.715,-34.961,-5.054,-5.062
0.0,0.0,0.0,6.0751,0,,0.0,FORMATION_FOLLOW|FORMATION_FOLLOW,1,1,13.2,-3.923,1.744,-32.744,-34.933,-5.054,-5.062
0.0,0.0,0.0,6.0571,0,,0.0,FORMATION_FOLLOW|FORMATION_FOLLOW,1,1,13.3,-3.896,1.774,-32.773,-34.906,-5.054,-5.062
0.0,0.0,0.0,6.039,0,,0.0,FORMATION_FOLLOW|FORMATION_FOLLOW,1,1,13.4,-3.867,1.803,-32.802,-34.878,-5.054,-5.062
0.0,0.0,0.0,6.0207,0,,0.0,FORMATION_FOLLOW|FORMATION_FOLLOW,1,1,13.5,-3.839,1.833,-32.83,-34.85,-5.054,-5.061
0.0,0.0,0.0,6.002,0,,0.0,FORMATION_FOLLOW|FORMATION_FOLLOW,1,1,13.6,-3.81,1.862,-32.858,-34.822,-5.054,-5.061
0.0,0.0,0.0,5.9829,0,,0.0,FORMATION_FOLLOW|FORMATION_FOLLOW,1,1,13.7,-3.78,1.891,-32.886,-34.793,-5.054,-5.061
0.0,0.0,0.0,5.9628,0,,0.0,FORMATION_FOLLOW|FORMATION_FOLLOW,1,1,13.8,-3.75,1.918,-32.914,-34.763,-5.054,-5.061
0.0,0.0,0.0,5.9416,0,,0.0,FORMATION_FOLLOW|FORMATION_FOLLOW,1,1,13.9,-3.72,1.945,-32.941,-34.733,-5.054,-5.06
0.0,0.0,0.0,5.92,0,,0.0,FORMATION_FOLLOW|FORMATION_FOLLOW,1,1,14.0,-3.69,1.971,-32.967,-34.702,-5.054,-5.06
0.0,0.0,0.0,5.8982,0,,0.0,FORMATION_FOLLOW|FORMATION_FOLLOW,1,1,14.1,-3.658,1.996,-32.993,-34.67,-5.055,-5.06
0.0,0.0,0.0,5.8755,0,,0.0,FORMATION_FOLLOW|FORMATION_FOLLOW,1,1,14.2,-3.626,2.021,-33.017,-34.638,-5.055,-5.06
0.0,0.0,0.0,5.8514,0,,0.0,FORMATION_FOLLOW|FORMATION_FOLLOW,1,1,14.3,-3.593,2.046,-33.041,-34.604,-5.056,-5.06
0.0,0.0,0.0,5.8265,0,,0.0,FORMATION_FOLLOW|FORMATION_FOLLOW,1,1,14.4,-3.56,2.069,-33.064,-34.571,-5.057,-5.06
0.0,0.0,0.0,5.801,0,,0.0,FORMATION_FOLLOW|FORMATION_FOLLOW,1,1,14.5,-3.526,2.091,-33.086,-34.536,-5.057,-5.06
0.0,0.0,0.0,5.7748,0,,0.0,FORMATION_FOLLOW|FORMATION_FOLLOW,1,1,14.6,-3.493,2.111,-33.108,-34.501,-5.057,-5.06
0.0,0.0,0.0,5.748,0,,0.0,FORMATION_FOLLOW|FORMATION_FOLLOW,1,1,14.7,-3.459,2.131,-33.128,-34.466,-5.058,-5.06
0.0,0.0,0.0,5.7212,0,,0.0,FORMATION_FOLLOW|FORMATION_FOLLOW,1,1,14.8,-3.425,2.15,-33.147,-34.431,-5.058,-5.06
0.0,0.0,0.0,5.6944,0,,0.0,FORMATION_FOLLOW|FORMATION_FOLLOW,1,1,14.9,-3.392,2.168,-33.165,-34.396,-5.058,-5.061
0.0,0.0,0.0,5.6675,0,,0.0,FORMATION_FOLLOW|FORMATION_FOLLOW,1,1,15.0,-3.358,2.185,-33.181,-34.361,-5.058,-5.061
0.0,0.0,0.0,5.6404,0,,0.0,FORMATION_FOLLOW|FORMATION_FOLLOW,1,1,15.1,-3.325,2.201,-33.197,-34.327,-5.058,-5.061
0.0,0.0,0.0,5.613,0,,0.0,FORMATION_FOLLOW|FORMATION_FOLLOW,1,1,15.2,-3.292,2.216,-33.211,-34.292,-5.058,-5.06
0.0,0.0,0.0,5.585,0,,0.0,FORMATION_FOLLOW|FORMATION_FOLLOW,1,1,15.3,-3.258,2.23,-33.225,-34.259,-5.058,-5.06
0.0,0.0,0.0,5.5567,0,,0.0,FORMATION_FOLLOW|FORMATION_FOLLOW,1,1,15.4,-3.225,2.243,-33.238,-34.225,-5.058,-5.06
0.0,0.0,0.0,5.5283,0,,0.0,FORMATION_FOLLOW|FORMATION_FOLLOW,1,1,15.5,-3.192,2.255,-33.251,-34.193,-5.058,-5.061
0.0,0.0,0.0,5.4999,0,,0.0,FORMATION_FOLLOW|FORMATION_FOLLOW,1,1,15.6,-3.159,2.267,-33.263,-34.16,-5.057,-5.061
0.0,0.0,0.0,5.471,0,,0.0,FORMATION_FOLLOW|FORMATION_FOLLOW,1,1,15.7,-3.126,2.278,-33.273,-34.127,-5.057,-5.061
0.0,0.0,0.0,5.4418,0,,0.0,FORMATION_FOLLOW|FORMATION_FOLLOW,1,1,15.8,-3.093,2.288,-33.284,-34.095,-5.057,-5.061
0.0,0.0,0.0,5.4123,0,,0.0,FORMATION_FOLLOW|FORMATION_FOLLOW,1,1,15.9,-3.06,2.297,-33.294,-34.063,-5.057,-5.061
0.0,0.0,0.0,5.3828,0,,0.0,FORMATION_FOLLOW|FORMATION_FOLLOW,1,1,16.0,-3.028,2.306,-33.303,-34.031,-5.057,-5.061
0.0,0.0,0.0,5.3532,0,,0.0,FORMATION_FOLLOW|FORMATION_FOLLOW,1,1,16.1,-2.995,2.314,-33.312,-33.999,-5.057,-5.061
0.0,0.0,0.0,5.3234,0,,0.0,FORMATION_FOLLOW|FORMATION_FOLLOW,1,1,16.2,-2.962,2.322,-33.32,-33.968,-5.057,-5.061
0.0,0.0,0.0,5.2938,0,,0.0,FORMATION_FOLLOW|FORMATION_FOLLOW,1,1,16.3,-2.929,2.329,-33.327,-33.937,-5.057,-5.061
0.0,0.0,0.0,5.2647,0,,0.0,FORMATION_FOLLOW|FORMATION_FOLLOW,1,1,16.4,-2.897,2.336,-33.334,-33.906,-5.057,-5.062
0.0,0.0,0.0,5.2357,0,,0.0,FORMATION_FOLLOW|FORMATION_FOLLOW,1,1,16.5,-2.865,2.343,-33.34,-33.875,-5.057,-5.062
0.0,0.0,0.0,5.2069,0,,0.0,FORMATION_FOLLOW|FORMATION_FOLLOW,1,1,16.6,-2.834,2.349,-33.347,-33.843,-5.057,-5.062
0.0,0.0,0.0,5.1785,0,,0.0,FORMATION_FOLLOW|FORMATION_FOLLOW,1,1,16.7,-2.804,2.354,-33.352,-33.812,-5.057,-5.061
0.0,0.0,0.0,5.15,0,,0.0,FORMATION_FOLLOW|FORMATION_FOLLOW,1,1,16.8,-2.773,2.36,-33.357,-33.781,-5.056,-5.061
0.0,0.0,0.0,5.122,0,,0.0,FORMATION_FOLLOW|FORMATION_FOLLOW,1,1,16.9,-2.743,2.364,-33.362,-33.75,-5.055,-5.061
0.0,0.0,0.0,5.094,0,,0.0,FORMATION_FOLLOW|FORMATION_FOLLOW,1,1,17.0,-2.712,2.369,-33.367,-33.719,-5.054,-5.061
0.0,0.0,0.0,5.0662,0,,0.0,FORMATION_FOLLOW|FORMATION_FOLLOW,1,1,17.1,-2.682,2.374,-33.372,-33.687,-5.054,-5.061
0.0,0.0,0.0,5.0395,0,,0.0,FORMATION_FOLLOW|FORMATION_FOLLOW,1,1,17.2,-2.652,2.38,-33.376,-33.656,-5.054,-5.061
0.0,0.0,0.0,5.0129,0,,0.0,FORMATION_FOLLOW|FORMATION_FOLLOW,1,1,17.3,-2.622,2.385,-33.381,-33.625,-5.053,-5.061
0.0,0.0,0.0,4.9865,0,,0.0,FORMATION_FOLLOW|FORMATION_FOLLOW,1,1,17.4,-2.593,2.389,-33.385,-33.594,-5.053,-5.061
0.0,0.0,0.0,4.9603,0,,0.0,FORMATION_FOLLOW|FORMATION_FOLLOW,1,1,17.5,-2.563,2.394,-33.388,-33.562,-5.053,-5.06
0.0,0.0,0.0,4.934,0,,0.0,FORMATION_FOLLOW|FORMATION_FOLLOW,1,1,17.6,-2.533,2.399,-33.392,-33.531,-5.052,-5.06
0.0,0.0,0.0,4.9077,0,,0.0,FORMATION_FOLLOW|FORMATION_FOLLOW,1,1,17.7,-2.504,2.402,-33.396,-33.5,-5.052,-5.059
0.0,0.0,0.0,4.8816,0,,0.0,FORMATION_FOLLOW|FORMATION_FOLLOW,1,1,17.8,-2.475,2.406,-33.399,-33.468,-5.053,-5.059
0.0,0.0,0.0,4.8554,0,,0.0,FORMATION_FOLLOW|FORMATION_FOLLOW,1,1,17.9,-2.446,2.41,-33.403,-33.437,-5.053,-5.058
0.0,0.0,0.0,4.8291,0,,0.0,FORMATION_FOLLOW|FORMATION_FOLLOW,1,1,18.0,-2.416,2.413,-33.406,-33.406,-5.054,-5.058
0.0,0.0,0.0,4.803,0,,0.0,FORMATION_FOLLOW|FORMATION_FOLLOW,1,1,18.1,-2.387,2.416,-33.409,-33.375,-5.054,-5.058
0.0,0.0,0.0,4.7767,0,,0.0,FORMATION_FOLLOW|FORMATION_FOLLOW,1,1,18.2,-2.358,2.418,-33.412,-33.345,-5.055,-5.057
0.0,0.0,0.0,4.7502,0,,0.0,FORMATION_FOLLOW|FORMATION_FOLLOW,1,1,18.3,-2.329,2.421,-33.416,-33.314,-5.056,-5.057
0.0,0.0,0.0,4.7243,0,,0.0,FORMATION_FOLLOW|FORMATION_FOLLOW,1,1,18.4,-2.3,2.423,-33.42,-33.284,-5.056,-5.057
0.0,0.0,0.0,4.6989,0,,0.0,FORMATION_FOLLOW|FORMATION_FOLLOW,1,1,18.5,-2.271,2.425,-33.423,-33.254,-5.057,-5.057
0.0,0.0,0.0,4.6742,0,,0.0,FORMATION_FOLLOW|FORMATION_FOLLOW,1,1,18.6,-2.242,2.428,-33.426,-33.225,-5.058,-5.057
0.0,0.0,0.0,4.6496,0,,0.0,FORMATION_FOLLOW|FORMATION_FOLLOW,1,1,18.7,-2.214,2.43,-33.429,-33.195,-5.058,-5.058
0.0,0.0,0.0,4.6246,0,,0.0,FORMATION_FOLLOW|FORMATION_FOLLOW,1,1,18.8,-2.185,2.432,-33.432,-33.166,-5.059,-5.058
0.0,0.0,0.0,4.5993,0,,0.0,FORMATION_FOLLOW|FORMATION_FOLLOW,1,1,18.9,-2.155,2.434,-33.434,-33.136,-5.06,-5.058
0.0,0.0,0.0,4.5739,0,,0.0,FORMATION_FOLLOW|FORMATION_FOLLOW,1,1,19.0,-2.126,2.436,-33.437,-33.106,-5.061,-5.058
0.0,0.0,0.0,4.5487,0,,0.0,FORMATION_FOLLOW|FORMATION_FOLLOW,1,1,19.1,-2.096,2.438,-33.439,-33.077,-5.061,-5.059
0.0,0.0,0.0,4.5232,0,,0.0,FORMATION_FOLLOW|FORMATION_FOLLOW,1,1,19.2,-2.066,2.44,-33.441,-33.047,-5.062,-5.059
0.0,0.0,0.0,4.4979,0,,0.0,FORMATION_FOLLOW|FORMATION_FOLLOW,1,1,19.3,-2.035,2.443,-33.443,-33.017,-5.063,-5.06
0.0,0.0,0.0,4.4728,0,,0.0,FORMATION_FOLLOW|FORMATION_FOLLOW,1,1,19.4,-2.005,2.445,-33.444,-32.988,-5.064,-5.06
0.0,0.0,0.0,4.4477,0,,0.0,FORMATION_FOLLOW|FORMATION_FOLLOW,1,1,19.5,-1.974,2.447,-33.446,-32.958,-5.064,-5.061
0.0,0.0,0.0,4.4229,0,,0.0,FORMATION_FOLLOW|FORMATION_FOLLOW,1,1,19.6,-1.943,2.449,-33.447,-32.929,-5.064,-5.061
0.0,0.0,0.0,4.3983,0,,0.0,FORMATION_FOLLOW|FORMATION_FOLLOW,1,1,19.7,-1.913,2.451,-33.448,-32.899,-5.064,-5.062
0.0,0.0,0.0,4.3745,0,,0.0,FORMATION_FOLLOW|FORMATION_FOLLOW,1,1,19.8,-1.883,2.453,-33.45,-32.869,-5.064,-5.063
0.0,0.0,0.0,4.3512,0,,0.0,FORMATION_FOLLOW|FORMATION_FOLLOW,1,1,19.9,-1.852,2.455,-33.451,-32.839,-5.064,-5.063
0.0,0.0,0.0,4.3274,0,,0.0,FORMATION_FOLLOW|FORMATION_FOLLOW,1,1,20.0,-1.822,2.457,-33.453,-32.808,-5.063,-5.063
0.0,0.0,0.0,4.3034,0,,0.0,FORMATION_FOLLOW|FORMATION_FOLLOW,1,1,20.1,-1.792,2.458,-33.454,-32.777,-5.063,-5.063
0.0,0.0,0.0,4.2798,0,,0.0,FORMATION_FOLLOW|FORMATION_FOLLOW,1,1,20.2,-1.762,2.458,-33.456,-32.747,-5.062,-5.064
0.0,0.0,0.0,4.2564,0,,0.0,FORMATION_FOLLOW|FORMATION_FOLLOW,1,1,20.3,-1.732,2.459,-33.457,-32.716,-5.062,-5.064
0.0,0.0,0.0,4.2331,0,,0.0,FORMATION_FOLLOW|FORMATION_FOLLOW,1,1,20.4,-1.702,2.46,-33.457,-32.686,-5.061,-5.063
0.0,0.0,0.0,4.2099,0,,0.0,FORMATION_FOLLOW|FORMATION_FOLLOW,1,1,20.5,-1.673,2.46,-33.456,-32.656,-5.061,-5.063
0.0,0.0,0.0,4.1867,0,,0.0,FORMATION_FOLLOW|FORMATION_FOLLOW,1,1,20.6,-1.643,2.461,-33.454,-32.626,-5.061,-5.063
0.0,0.0,0.0,4.1625,0,,0.0,FORMATION_FOLLOW|FORMATION_FOLLOW,1,1,20.7,-1.613,2.461,-33.451,-32.596,-5.06,-5.063
0.0,0.0,0.0,4.1374,0,,0.0,FORMATION_FOLLOW|FORMATION_FOLLOW,1,1,20.8,-1.583,2.46,-33.447,-32.567,-5.06,-5.062
0.0,0.0,0.0,4.1116,0,,0.0,FORMATION_FOLLOW|FORMATION_FOLLOW,1,1,20.9,-1.553,2.458,-33.441,-32.537,-5.059,-5.062
0.0,0.0,0.0,4.0846,0,,0.0,FORMATION_FOLLOW|FORMATION_FOLLOW,1,1,21.0,-1.523,2.455,-33.434,-32.507,-5.059,-5.061
0.0,0.0,0.0,4.0565,0,,0.0,FORMATION_FOLLOW|FORMATION_FOLLOW,1,1,21.1,-1.493,2.451,-33.425,-32.478,-5.058,-5.061
0.0,0.0,0.0,4.0276,0,,0.0,FORMATION_FOLLOW|FORMATION_FOLLOW,1,1,21.2,-1.463,2.446,-33.415,-32.447,-5.058,-5.06
0.0,0.0,0.0,3.9975,0,,0.0,FORMATION_FOLLOW|FORMATION_FOLLOW,1,1,21.3,-1.434,2.44,-33.404,-32.417,-5.058,-5.06
0.0,0.0,0.0,3.9661,0,,0.0,FORMATION_FOLLOW|FORMATION_FOLLOW,1,1,21.4,-1.404,2.433,-33.391,-32.387,-5.058,-5.06
0.0,0.0,0.0,3.933,0,,0.0,FORMATION_FOLLOW|FORMATION_FOLLOW,1,1,21.5,-1.374,2.424,-33.376,-32.356,-5.058,-5.06
0.0,0.0,0.0,3.8984,0,,0.0,FORMATION_FOLLOW|FORMATION_FOLLOW,1,1,21.6,-1.344,2.414,-33.361,-32.325,-5.058,-5.06
0.0,0.0,0.0,3.8618,0,,0.0,FORMATION_FOLLOW|FORMATION_FOLLOW,1,1,21.7,-1.314,2.402,-33.344,-32.295,-5.057,-5.06
0.0,0.0,0.0,3.8235,0,,0.0,FORMATION_FOLLOW|FORMATION_FOLLOW,1,1,21.8,-1.284,2.389,-33.326,-32.264,-5.057,-5.059
0.0,0.0,0.0,3.784,0,,0.0,FORMATION_FOLLOW|FORMATION_FOLLOW,1,1,21.9,-1.254,2.375,-33.307,-32.234,-5.056,-5.059
0.0,0.0,0.0,3.743,0,,0.0,FORMATION_FOLLOW|FORMATION_FOLLOW,1,1,22.0,-1.223,2.36,-33.287,-32.204,-5.057,-5.059
0.0,0.0,0.0,3.7009,0,,0.0,FORMATION_FOLLOW|FORMATION_FOLLOW,1,1,22.1,-1.193,2.343,-33.265,-32.174,-5.057,-5.059
0.0,0.0,0.0,3.6581,0,,0.0,FORMATION_FOLLOW|FORMATION_FOLLOW,1,1,22.2,-1.163,2.326,-33.243,-32.145,-5.057,-5.059
0.0,0.0,0.0,3.6147,0,,0.0,FORMATION_FOLLOW|FORMATION_FOLLOW,1,1,22.3,-1.133,2.308,-33.221,-32.114,-5.057,-5.059
0.0,0.0,0.0,3.5709,0,,0.0,FORMATION_FOLLOW|FORMATION_FOLLOW,1,1,22.4,-1.103,2.289,-33.2,-32.084,-5.058,-5.059
0.0,0.0,0.0,3.5263,0,,0.0,FORMATION_FOLLOW|FORMATION_FOLLOW,1,1,22.5,-1.073,2.269,-33.179,-32.054,-5.058,-5.059
0.0,0.0,0.0,3.4812,0,,0.0,FORMATION_FOLLOW|FORMATION_FOLLOW,1,1,22.6,-1.043,2.248,-33.16,-32.025,-5.058,-5.059
0.0,0.0,0.0,3.4358,0,,0.0,FORMATION_FOLLOW|FORMATION_FOLLOW,1,1,22.7,-1.013,2.226,-33.142,-31.995,-5.059,-5.058
0.0,0.0,0.0,3.3904,0,,0.0,FORMATION_FOLLOW|FORMATION_FOLLOW,1,1,22.8,-0.983,2.202,-33.127,-31.965,-5.059,-5.058
0.0,0.0,0.0,3.3455,0,,0.0,FORMATION_FOLLOW|FORMATION_FOLLOW,1,1,22.9,-0.953,2.178,-33.114,-31.935,-5.059,-5.058
0.0,0.0,0.0,3.3011,0,,0.0,FORMATION_FOLLOW|FORMATION_FOLLOW,1,1,23.0,-0.922,2.154,-33.103,-31.905,-5.059,-5.058
0.0,0.0,0.0,3.2578,0,,0.0,FORMATION_FOLLOW|FORMATION_FOLLOW,1,1,23.1,-0.892,2.129,-33.095,-31.875,-5.06,-5.057
0.0,0.0,0.0,3.2157,0,,0.0,FORMATION_FOLLOW|FORMATION_FOLLOW,1,1,23.2,-0.862,2.103,-33.089,-31.845,-5.06,-5.057
0.0,0.0,0.0,3.1747,0,,0.0,FORMATION_FOLLOW|FORMATION_FOLLOW,1,1,23.3,-0.832,2.078,-33.086,-31.815,-5.06,-5.056
0.0,0.0,0.0,3.1348,0,,0.0,FORMATION_FOLLOW|FORMATION_FOLLOW,1,1,23.4,-0.801,2.052,-33.085,-31.785,-5.06,-5.056
0.0,0.0,0.0,3.0968,0,,0.0,FORMATION_FOLLOW|FORMATION_FOLLOW,1,1,23.5,-0.771,2.026,-33.086,-31.756,-5.06,-5.055
0.0,0.0,0.0,3.0604,0,,0.0,FORMATION_FOLLOW|FORMATION_FOLLOW,1,1,23.6,-0.74,2.0,-33.09,-31.727,-5.06,-5.055
0.0,0.0,0.0,3.0255,0,,0.0,FORMATION_FOLLOW|FORMATION_FOLLOW,1,1,23.7,-0.709,1.974,-33.095,-31.697,-5.059,-5.054
0.0,0.0,0.0,2.9922,0,,0.0,FORMATION_FOLLOW|FORMATION_FOLLOW,1,1,23.8,-0.678,1.947,-33.103,-31.668,-5.059,-5.054
0.0,0.0,0.0,2.9602,0,,0.0,FORMATION_FOLLOW|FORMATION_FOLLOW,1,1,23.9,-0.647,1.92,-33.113,-31.639,-5.06,-5.054
0.0,0.0,0.0,2.9363,0,,0.0,FORMATION_FOLLOW|SEPARATION_WARNING,1,1,24.0,-0.615,1.9,-33.124,-31.609,-5.06,-5.054
0.0,0.0,0.0,2.9309,0,,0.0,SEPARATION_WARNING|SEPARATION_WARNING,1,1,24.1,-0.591,1.89,-33.14,-31.58,-5.06,-5.055
0.0,0.0,0.0,2.9442,0,,0.0,SEPARATION_WARNING|SEPARATION_WARNING,1,1,24.2,-0.578,1.887,-33.161,-31.552,-5.06,-5.057
0.0,0.0,0.0,2.9722,0,,0.0,SEPARATION_WARNING|SEPARATION_WARNING,1,1,24.3,-0.573,1.89,-33.186,-31.523,-5.06,-5.058
0.0,0.0,0.0,3.0119,0,,0.0,SEPARATION_WARNING|SEPARATION_WARNING,1,1,24.4,-0.574,1.898,-33.214,-31.494,-5.06,-5.06
0.0,0.0,0.0,3.0613,0,,0.0,SEPARATION_WARNING|SEPARATION_WARNING,1,1,24.5,-0.58,1.91,-33.245,-31.465,-5.061,-5.062
0.0,0.0,0.0,3.1186,0,,0.0,SEPARATION_WARNING|SEPARATION_WARNING,1,1,24.6,-0.591,1.926,-33.278,-31.436,-5.061,-5.064
0.0,0.0,0.0,3.1819,0,,0.0,SEPARATION_WARNING|SEPARATION_WARNING,1,1,24.7,-0.605,1.943,-33.312,-31.407,-5.061,-5.066
0.0,0.0,0.0,3.2499,0,,0.0,SEPARATION_WARNING|SEPARATION_WARNING,1,1,24.8,-0.622,1.963,-33.348,-31.379,-5.062,-5.069
0.0,0.0,0.0,3.3215,0,,0.0,SEPARATION_WARNING|SEPARATION_WARNING,1,1,24.9,-0.642,1.984,-33.384,-31.35,-5.062,-5.071
0.0,0.0,0.0,3.3927,0,,0.0,SEPARATION_WARNING|SEPARATION_WARNING,1,1,25.0,-0.662,2.005,-33.421,-31.324,-5.063,-5.074
0.0,0.0,0.0,3.4585,0,,0.0,SEPARATION_WARNING|SEPARATION_WARNING,1,1,25.1,-0.682,2.025,-33.455,-31.302,-5.063,-5.076
0.0,0.0,0.0,3.5184,0,,0.0,SEPARATION_WARNING|SEPARATION_WARNING,1,1,25.2,-0.701,2.043,-33.485,-31.283,-5.064,-5.078
0.0,0.0,0.0,3.5731,0,,0.0,SEPARATION_WARNING|SEPARATION_WARNING,1,1,25.3,-0.719,2.059,-33.512,-31.266,-5.064,-5.08
0.0,0.0,0.0,3.6236,0,,0.0,SEPARATION_WARNING|SEPARATION_WARNING,1,1,25.4,-0.735,2.075,-33.537,-31.25,-5.065,-5.081
0.0,0.0,0.0,3.6584,0,,0.0,FORMATION_RECOVERY|FORMATION_RECOVERY,1,1,25.5,-0.743,2.082,-33.558,-31.234,-5.065,-5.082
0.0,0.0,0.0,3.6736,0,,0.0,FORMATION_RECOVERY|FORMATION_RECOVERY,1,1,25.6,-0.74,2.078,-33.575,-31.218,-5.065,-5.083
0.0,0.0,0.0,3.6726,0,,0.0,FORMATION_RECOVERY|FORMATION_RECOVERY,1,1,25.7,-0.726,2.064,-33.587,-31.2,-5.066,-5.084
0.0,0.0,0.0,3.6591,0,,0.0,FORMATION_RECOVERY|FORMATION_RECOVERY,1,1,25.8,-0.704,2.044,-33.597,-31.181,-5.066,-5.084
0.0,0.0,0.0,3.6361,0,,0.0,FORMATION_RECOVERY|FORMATION_RECOVERY,1,1,25.9,-0.676,2.017,-33.604,-31.161,-5.067,-5.084
0.0,0.0,0.0,3.6057,0,,0.0,FORMATION_RECOVERY|FORMATION_RECOVERY,1,1,26.0,-0.642,1.987,-33.609,-31.141,-5.067,-5.083
0.0,0.0,0.0,3.5695,0,,0.0,FORMATION_RECOVERY|FORMATION_RECOVERY,1,1,26.1,-0.604,1.952,-33.612,-31.12,-5.067,-5.082
0.0,0.0,0.0,3.5292,0,,0.0,FORMATION_RECOVERY|FORMATION_RECOVERY,1,1,26.2,-0.562,1.915,-33.613,-31.099,-5.068,-5.081
0.0,0.0,0.0,3.4861,0,,0.0,FORMATION_RECOVERY|FORMATION_RECOVERY,1,1,26.3,-0.517,1.875,-33.613,-31.076,-5.068,-5.08
0.0,0.0,0.0,3.4415,0,,0.0,FORMATION_RECOVERY|FORMATION_RECOVERY,1,1,26.4,-0.47,1.833,-33.611,-31.054,-5.068,-5.079
0.0,0.0,0.0,3.3968,0,,0.0,FORMATION_RECOVERY|FORMATION_RECOVERY,1,1,26.5,-0.421,1.79,-33.608,-31.03,-5.067,-5.077
0.0,0.0,0.0,3.3527,0,,0.0,FORMATION_RECOVERY|FORMATION_RECOVERY,1,1,26.6,-0.372,1.746,-33.605,-31.006,-5.067,-5.076
0.0,0.0,0.0,3.31,0,,0.0,FORMATION_RECOVERY|FORMATION_RECOVERY,1,1,26.7,-0.322,1.701,-33.602,-30.982,-5.067,-5.075
0.0,0.0,0.0,3.2802,0,,0.0,SEPARATION_WARNING|FORMATION_RECOVERY,1,1,26.8,-0.283,1.656,-33.604,-30.958,-5.067,-5.074
0.0,0.0,0.0,3.2726,0,,0.0,SEPARATION_WARNING|SEPARATION_WARNING,1,1,26.9,-0.257,1.621,-33.614,-30.933,-5.067,-5.073
0.0,0.0,0.0,3.2854,0,,0.0,SEPARATION_WARNING|SEPARATION_WARNING,1,1,27.0,-0.241,1.599,-33.629,-30.908,-5.067,-5.073
0.0,0.0,0.0,3.3146,0,,0.0,SEPARATION_WARNING|SEPARATION_WARNING,1,1,27.1,-0.235,1.588,-33.65,-30.881,-5.067,-5.074
0.0,0.0,0.0,3.3568,0,,0.0,SEPARATION_WARNING|SEPARATION_WARNING,1,1,27.2,-0.235,1.584,-33.675,-30.854,-5.068,-5.075
0.0,0.0,0.0,3.4022,0,,0.0,SEPARATION_WARNING|SEPARATION_WARNING,1,1,27.3,-0.24,1.586,-33.699,-30.829,-5.068,-5.076
0.0,0.0,0.0,3.4465,0,,0.0,SEPARATION_WARNING|SEPARATION_WARNING,1,1,27.4,-0.247,1.59,-33.723,-30.807,-5.069,-5.077
0.0,0.0,0.0,3.4898,0,,0.0,SEPARATION_WARNING|SEPARATION_WARNING,1,1,27.5,-0.256,1.597,-33.745,-30.788,-5.069,-5.078
0.0,0.0,0.0,3.5318,0,,0.0,SEPARATION_WARNING|SEPARATION_WARNING,1,1,27.6,-0.267,1.605,-33.766,-30.771,-5.07,-5.08
0.0,0.0,0.0,3.5732,0,,0.0,SEPARATION_WARNING|SEPARATION_WARNING,1,1,27.7,-0.278,1.615,-33.786,-30.755,-5.07,-5.081
0.0,0.0,0.0,3.6138,0,,0.0,SEPARATION_WARNING|SEPARATION_WARNING,1,1,27.8,-0.29,1.626,-33.805,-30.741,-5.07,-5.082
0.0,0.0,0.0,3.6536,0,,0.0,SEPARATION_WARNING|SEPARATION_WARNING,1,1,27.9,-0.302,1.638,-33.824,-30.728,-5.071,-5.083
0.0,0.0,0.0,3.6829,0,,0.0,FORMATION_RECOVERY|FORMATION_RECOVERY,1,1,28.0,-0.307,1.643,-33.838,-30.714,-5.071,-5.084
0.0,0.0,0.0,3.6985,0,,0.0,FORMATION_RECOVERY|FORMATION_RECOVERY,1,1,28.1,-0.301,1.637,-33.847,-30.698,-5.071,-5.084
0.0,0.0,0.0,3.703,0,,0.0,FORMATION_RECOVERY|FORMATION_RECOVERY,1,1,28.2,-0.286,1.623,-33.852,-30.679,-5.071,-5.084
0.0,0.0,0.0,3.6988,0,,0.0,FORMATION_RECOVERY|FORMATION_RECOVERY,1,1,28.3,-0.263,1.602,-33.853,-30.66,-5.07,-5.084
0.0,0.0,0.0,3.6884,0,,0.0,FORMATION_RECOVERY|FORMATION_RECOVERY,1,1,28.4,-0.234,1.576,-33.852,-30.639,-5.069,-5.084
0.0,0.0,0.0,3.6743,0,,0.0,FORMATION_RECOVERY|FORMATION_RECOVERY,1,1,28.5,-0.201,1.546,-33.849,-30.616,-5.069,-5.083
0.0,0.0,0.0,3.658,0,,0.0,FORMATION_RECOVERY|FORMATION_RECOVERY,1,1,28.6,-0.164,1.512,-33.844,-30.593,-5.068,-5.083
0.0,0.0,0.0,3.6403,0,,0.0,FORMATION_RECOVERY|FORMATION_RECOVERY,1,1,28.7,-0.123,1.476,-33.838,-30.568,-5.067,-5.082
0.0,0.0,0.0,3.6223,0,,0.0,FORMATION_RECOVERY|FORMATION_RECOVERY,1,1,28.8,-0.08,1.437,-33.832,-30.542,-5.066,-5.081
0.0,0.0,0.0,3.6051,0,,0.0,FORMATION_RECOVERY|FORMATION_RECOVERY,1,1,28.9,-0.035,1.397,-33.824,-30.516,-5.066,-5.08
0.0,0.0,0.0,3.5888,0,,0.0,FORMATION_RECOVERY|FORMATION_RECOVERY,1,1,29.0,0.011,1.356,-33.816,-30.489,-5.065,-5.079
0.0,0.0,0.0,3.574,0,,0.0,FORMATION_RECOVERY|FORMATION_RECOVERY,1,1,29.1,0.058,1.314,-33.807,-30.461,-5.065,-5.078
0.0,0.0,0.0,3.5613,0,,0.0,FORMATION_RECOVERY|FORMATION_RECOVERY,1,1,29.2,0.106,1.273,-33.797,-30.432,-5.065,-5.076
0.0,0.0,0.0,3.5515,0,,0.0,FORMATION_RECOVERY|FORMATION_RECOVERY,1,1,29.3,0.155,1.232,-33.787,-30.403,-5.065,-5.074
0.0,0.0,0.0,3.5444,0,,0.0,FORMATION_RECOVERY|FORMATION_RECOVERY,1,1,29.4,0.204,1.19,-33.778,-30.374,-5.065,-5.073
0.0,0.0,0.0,3.5402,0,,0.0,FORMATION_RECOVERY|FORMATION_RECOVERY,1,1,29.5,0.255,1.15,-33.769,-30.343,-5.066,-5.071
0.0,0.0,0.0,3.5399,0,,0.0,FORMATION_RECOVERY|FORMATION_RECOVERY,1,1,29.6,0.305,1.109,-33.76,-30.312,-5.066,-5.069
0.0,0.0,0.0,3.5434,0,,0.0,FORMATION_RECOVERY|FORMATION_RECOVERY,1,1,29.7,0.356,1.069,-33.751,-30.28,-5.066,-5.067
0.0,0.0,0.0,3.5507,0,,0.0,FORMATION_RECOVERY|FORMATION_RECOVERY,1,1,29.8,0.408,1.029,-33.743,-30.247,-5.066,-5.066
0.0,0.0,0.0,3.5614,0,,0.0,FORMATION_RECOVERY|FORMATION_RECOVERY,1,1,29.9,0.459,0.99,-33.735,-30.213,-5.066,-5.064
0.0,0.0,0.0,3.5757,0,,0.0,FORMATION_RECOVERY|FORMATION_RECOVERY,1,1,30.0,0.51,0.951,-33.728,-30.179,-5.066,-5.062
0.0,0.0,0.0,3.5937,0,,0.0,FORMATION_RECOVERY|FORMATION_RECOVERY,1,1,30.1,0.561,0.913,-33.72,-30.144,-5.066,-5.061
0.0,0.0,0.0,3.6155,0,,0.0,FORMATION_RECOVERY|FORMATION_RECOVERY,1,1,30.2,0.613,0.875,-33.713,-30.107,-5.066,-5.06
0.0,0.0,0.0,3.6402,0,,0.0,FORMATION_RECOVERY|FORMATION_RECOVERY,1,1,30.3,0.664,0.838,-33.707,-30.071,-5.066,-5.059
0.0,0.0,0.0,3.6679,0,,0.0,FORMATION_RECOVERY|FORMATION_RECOVERY,1,1,30.4,0.716,0.802,-33.7,-30.033,-5.065,-5.059
0.0,0.0,0.0,3.6986,0,,0.0,FORMATION_RECOVERY|FORMATION_RECOVERY,1,1,30.5,0.767,0.767,-33.694,-29.995,-5.065,-5.059
0.0,0.0,0.0,3.7325,0,,0.0,FORMATION_RECOVERY|FORMATION_RECOVERY,1,1,30.6,0.818,0.732,-33.688,-29.957,-5.065,-5.059
0.0,0.0,0.0,3.7693,0,,0.0,FORMATION_RECOVERY|FORMATION_RECOVERY,1,1,30.7,0.869,0.698,-33.683,-29.917,-5.065,-5.059
0.0,0.0,0.0,3.8087,0,,0.0,FORMATION_RECOVERY|FORMATION_RECOVERY,1,1,30.8,0.92,0.666,-33.677,-29.877,-5.065,-5.059
0.0,0.0,0.0,3.8506,0,,0.0,FORMATION_RECOVERY|FORMATION_RECOVERY,1,1,30.9,0.972,0.634,-33.672,-29.836,-5.064,-5.059
0.0,0.0,0.0,3.8945,0,,0.0,FORMATION_RECOVERY|FORMATION_RECOVERY,1,1,31.0,1.023,0.604,-33.667,-29.795,-5.064,-5.059
0.0,0.0,0.0,3.9405,0,,0.0,FORMATION_RECOVERY|FORMATION_RECOVERY,1,1,31.1,1.074,0.575,-33.663,-29.754,-5.064,-5.059
0.0,0.0,0.0,3.9884,0,,0.0,FORMATION_RECOVERY|FORMATION_RECOVERY,1,1,31.2,1.126,0.547,-33.658,-29.712,-5.063,-5.059
0.0,0.0,0.0,4.038,0,,0.0,FORMATION_RECOVERY|FORMATION_RECOVERY,1,1,31.3,1.176,0.52,-33.654,-29.67,-5.063,-5.059
0.0,0.0,0.0,4.0884,0,,0.0,FORMATION_RECOVERY|FORMATION_RECOVERY,1,1,31.4,1.227,0.494,-33.65,-29.628,-5.063,-5.059
0.0,0.0,0.0,4.1395,0,,0.0,FORMATION_RECOVERY|FORMATION_RECOVERY,1,1,31.5,1.277,0.47,-33.646,-29.586,-5.063,-5.06
0.0,0.0,0.0,4.1907,0,,0.0,FORMATION_RECOVERY|FORMATION_RECOVERY,1,1,31.6,1.327,0.447,-33.642,-29.545,-5.063,-5.06
0.0,0.0,0.0,4.242,0,,0.0,FORMATION_RECOVERY|FORMATION_RECOVERY,1,1,31.7,1.376,0.426,-33.638,-29.504,-5.062,-5.061
0.0,0.0,0.0,4.2927,0,,0.0,FORMATION_RECOVERY|FORMATION_RECOVERY,1,1,31.8,1.424,0.407,-33.635,-29.464,-5.062,-5.061
0.0,0.0,0.0,4.3429,0,,0.0,FORMATION_RECOVERY|FORMATION_RECOVERY,1,1,31.9,1.471,0.389,-33.631,-29.425,-5.063,-5.061
0.0,0.0,0.0,4.3933,0,,0.0,FORMATION_RECOVERY|FORMATION_RECOVERY,1,1,32.0,1.516,0.372,-33.628,-29.386,-5.063,-5.061
0.0,0.0,0.0,4.444,0,,0.0,FORMATION_RECOVERY|FORMATION_RECOVERY,1,1,32.1,1.561,0.355,-33.625,-29.347,-5.063,-5.062
0.0,0.0,0.0,4.4948,0,,0.0,FORMATION_RECOVERY|FORMATION_RECOVERY,1,1,32.2,1.605,0.339,-33.622,-29.309,-5.063,-5.061
0.0,0.0,0.0,4.5453,0,,0.0,FORMATION_RECOVERY|FORMATION_RECOVERY,1,1,32.3,1.648,0.323,-33.619,-29.271,-5.064,-5.061
0.0,0.0,0.0,4.5951,0,,0.0,FORMATION_RECOVERY|FORMATION_RECOVERY,1,1,32.4,1.69,0.309,-33.617,-29.234,-5.064,-5.061
0.0,0.0,0.0,4.6443,0,,0.0,FORMATION_RECOVERY|FORMATION_RECOVERY,1,1,32.5,1.731,0.295,-33.614,-29.197,-5.065,-5.061
0.0,0.0,0.0,4.6931,0,,0.0,FORMATION_RECOVERY|FORMATION_RECOVERY,1,1,32.6,1.771,0.283,-33.612,-29.161,-5.065,-5.06
0.0,0.0,0.0,4.7414,0,,0.0,FORMATION_RECOVERY|FORMATION_RECOVERY,1,1,32.7,1.811,0.271,-33.61,-29.126,-5.066,-5.06
0.0,0.0,0.0,4.7893,0,,0.0,FORMATION_RECOVERY|FORMATION_RECOVERY,1,1,32.8,1.851,0.261,-33.608,-29.091,-5.066,-5.06
0.0,0.0,0.0,4.8366,0,,0.0,FORMATION_RECOVERY|FORMATION_RECOVERY,1,1,32.9,1.891,0.251,-33.606,-29.056,-5.066,-5.06
0.0,0.0,0.0,4.8831,0,,0.0,FORMATION_RECOVERY|FORMATION_RECOVERY,1,1,33.0,1.929,0.241,-33.603,-29.021,-5.066,-5.06
0.0,0.0,0.0,4.9286,0,,0.0,FORMATION_RECOVERY|FORMATION_RECOVERY,1,1,33.1,1.968,0.233,-33.6,-28.987,-5.066,-5.06
0.0,0.0,0.0,4.9728,0,,0.0,FORMATION_FOLLOW|FORMATION_RECOVERY,1,1,33.2,2.005,0.225,-33.596,-28.953,-5.066,-5.06
0.0,0.0,0.0,5.0155,0,,0.0,FORMATION_FOLLOW|FORMATION_RECOVERY,1,1,33.3,2.043,0.218,-33.592,-28.92,-5.066,-5.061
0.0,0.0,0.0,5.0568,0,,0.0,FORMATION_FOLLOW|FORMATION_RECOVERY,1,1,33.4,2.08,0.211,-33.586,-28.887,-5.066,-5.061
0.0,0.0,0.0,5.0968,0,,0.0,FORMATION_FOLLOW|FORMATION_RECOVERY,1,1,33.5,2.117,0.205,-33.579,-28.855,-5.066,-5.061
0.0,0.0,0.0,5.1352,0,,0.0,FORMATION_FOLLOW|FORMATION_RECOVERY,1,1,33.6,2.153,0.2,-33.572,-28.823,-5.066,-5.061
0.0,0.0,0.0,5.1722,0,,0.0,FORMATION_FOLLOW|FORMATION_FOLLOW,1,1,33.7,2.19,0.195,-33.562,-28.791,-5.066,-5.061
0.0,0.0,0.0,5.2071,0,,0.0,FORMATION_FOLLOW|FORMATION_FOLLOW,1,1,33.8,2.226,0.19,-33.551,-28.759,-5.067,-5.061
0.0,0.0,0.0,5.2401,0,,0.0,FORMATION_FOLLOW|FORMATION_FOLLOW,1,1,33.9,2.261,0.185,-33.539,-28.727,-5.066,-5.061
0.0,0.0,0.0,5.2715,0,,0.0,FORMATION_FOLLOW|FORMATION_FOLLOW,1,1,34.0,2.296,0.18,-33.525,-28.696,-5.066,-5.061
0.0,0.0,0.0,5.3015,0,,0.0,FORMATION_FOLLOW|FORMATION_FOLLOW,1,1,34.1,2.331,0.176,-33.509,-28.666,-5.066,-5.061
0.0,0.0,0.0,5.3305,0,,0.0,FORMATION_FOLLOW|FORMATION_FOLLOW,1,1,34.2,2.365,0.171,-33.493,-28.635,-5.066,-5.061
0.0,0.0,0.0,5.3589,0,,0.0,FORMATION_FOLLOW|FORMATION_FOLLOW,1,1,34.3,2.399,0.165,-33.475,-28.604,-5.066,-5.062
0.0,0.0,0.0,5.3865,0,,0.0,FORMATION_FOLLOW|FORMATION_FOLLOW,1,1,34.4,2.433,0.16,-33.457,-28.574,-5.065,-5.062
0.0,0.0,0.0,5.4128,0,,0.0,FORMATION_FOLLOW|FORMATION_FOLLOW,1,1,34.5,2.467,0.155,-33.437,-28.543,-5.065,-5.062
0.0,0.0,0.0,5.4382,0,,0.0,FORMATION_FOLLOW|FORMATION_FOLLOW,1,1,34.6,2.501,0.15,-33.416,-28.513,-5.065,-5.062
0.0,0.0,0.0,5.4629,0,,0.0,FORMATION_FOLLOW|FORMATION_FOLLOW,1,1,34.7,2.535,0.145,-33.394,-28.482,-5.065,-5.061
0.0,0.0,0.0,5.4873,0,,0.0,FORMATION_FOLLOW|FORMATION_FOLLOW,1,1,34.8,2.568,0.14,-33.372,-28.451,-5.064,-5.061
0.0,0.0,0.0,5.5109,0,,0.0,FORMATION_FOLLOW|FORMATION_FOLLOW,1,1,34.9,2.602,0.136,-33.349,-28.421,-5.063,-5.061
0.0,0.0,0.0,5.534,0,,0.0,FORMATION_FOLLOW|FORMATION_FOLLOW,1,1,35.0,2.635,0.132,-33.326,-28.391,-5.062,-5.061
0.0,0.0,0.0,5.5564,0,,0.0,FORMATION_FOLLOW|FORMATION_FOLLOW,1,1,35.1,2.667,0.127,-33.302,-28.36,-5.062,-5.061
0.0,0.0,0.0,5.5778,0,,0.0,FORMATION_FOLLOW|FORMATION_FOLLOW,1,1,35.2,2.7,0.124,-33.277,-28.33,-5.062,-5.061
0.0,0.0,0.0,5.599,0,,0.0,FORMATION_FOLLOW|FORMATION_FOLLOW,1,1,35.3,2.733,0.12,-33.252,-28.3,-5.061,-5.06
0.0,0.0,0.0,5.6194,0,,0.0,FORMATION_FOLLOW|FORMATION_FOLLOW,1,1,35.4,2.765,0.116,-33.226,-28.27,-5.061,-5.06
0.0,0.0,0.0,5.6393,0,,0.0,FORMATION_FOLLOW|FORMATION_FOLLOW,1,1,35.5,2.797,0.113,-33.199,-28.24,-5.061,-5.06
0.0,0.0,0.0,5.6584,0,,0.0,FORMATION_FOLLOW|FORMATION_FOLLOW,1,1,35.6,2.829,0.11,-33.173,-28.21,-5.061,-5.06
0.0,0.0,0.0,5.6771,0,,0.0,FORMATION_FOLLOW|FORMATION_FOLLOW,1,1,35.7,2.86,0.108,-33.145,-28.18,-5.062,-5.061
0.0,0.0,0.0,5.6956,0,,0.0,FORMATION_FOLLOW|FORMATION_FOLLOW,1,1,35.8,2.891,0.105,-33.118,-28.15,-5.062,-5.061
0.0,0.0,0.0,5.7144,0,,0.0,FORMATION_FOLLOW|FORMATION_FOLLOW,1,1,35.9,2.923,0.102,-33.09,-28.12,-5.062,-5.061
0.0,0.0,0.0,5.7332,0,,0.0,FORMATION_FOLLOW|FORMATION_FOLLOW,1,1,36.0,2.954,0.099,-33.063,-28.091,-5.062,-5.062
0.0,0.0,0.0,5.7516,0,,0.0,FORMATION_FOLLOW|FORMATION_FOLLOW,1,1,36.1,2.984,0.097,-33.035,-28.061,-5.063,-5.062
0.0,0.0,0.0,5.77,0,,0.0,FORMATION_FOLLOW|FORMATION_FOLLOW,1,1,36.2,3.014,0.094,-33.008,-28.031,-5.063,-5.062
0.0,0.0,0.0,5.7888,0,,0.0,FORMATION_FOLLOW|FORMATION_FOLLOW,1,1,36.3,3.043,0.092,-32.981,-28.001,-5.063,-5.062
0.0,0.0,0.0,5.8077,0,,0.0,FORMATION_FOLLOW|FORMATION_FOLLOW,1,1,36.4,3.073,0.09,-32.953,-27.971,-5.063,-5.062
0.0,0.0,0.0,5.8263,0,,0.0,FORMATION_FOLLOW|FORMATION_FOLLOW,1,1,36.5,3.103,0.088,-32.925,-27.94,-5.063,-5.062
0.0,0.0,0.0,5.8446,0,,0.0,FORMATION_FOLLOW|FORMATION_FOLLOW,1,1,36.6,3.132,0.086,-32.897,-27.909,-5.063,-5.062
0.0,0.0,0.0,5.8631,0,,0.0,FORMATION_FOLLOW|FORMATION_FOLLOW,1,1,36.7,3.162,0.084,-32.868,-27.878,-5.063,-5.062
0.0,0.0,0.0,5.8816,0,,0.0,FORMATION_FOLLOW|FORMATION_FOLLOW,1,1,36.8,3.191,0.082,-32.84,-27.847,-5.063,-5.062
0.0,0.0,0.0,5.9,0,,0.0,FORMATION_FOLLOW|FORMATION_FOLLOW,1,1,36.9,3.22,0.081,-32.811,-27.815,-5.063,-5.062
0.0,0.0,0.0,5.9184,0,,0.0,FORMATION_FOLLOW|FORMATION_FOLLOW,1,1,37.0,3.249,0.08,-32.781,-27.783,-5.063,-5.062
0.0,0.0,0.0,5.937,0,,0.0,FORMATION_FOLLOW|FORMATION_FOLLOW,1,1,37.1,3.277,0.078,-32.752,-27.751,-5.063,-5.062
0.0,0.0,0.0,5.9562,0,,0.0,FORMATION_FOLLOW|FORMATION_FOLLOW,1,1,37.2,3.306,0.077,-32.724,-27.719,-5.063,-5.062
0.0,0.0,0.0,5.9749,0,,0.0,FORMATION_FOLLOW|FORMATION_FOLLOW,1,1,37.3,3.335,0.075,-32.695,-27.688,-5.064,-5.062
0.0,0.0,0.0,5.9928,0,,0.0,FORMATION_FOLLOW|FORMATION_FOLLOW,1,1,37.4,3.363,0.074,-32.666,-27.657,-5.064,-5.061
0.0,0.0,0.0,6.0102,0,,0.0,FORMATION_FOLLOW|FORMATION_FOLLOW,1,1,37.5,3.391,0.073,-32.637,-27.626,-5.064,-5.061
0.0,0.0,0.0,6.0272,0,,0.0,FORMATION_FOLLOW|FORMATION_FOLLOW,1,1,37.6,3.419,0.071,-32.608,-27.596,-5.064,-5.061
0.0,0.0,0.0,6.0438,0,,0.0,FORMATION_FOLLOW|FORMATION_FOLLOW,1,1,37.7,3.447,0.07,-32.579,-27.566,-5.064,-5.062
0.0,0.0,0.0,6.0604,0,,0.0,FORMATION_FOLLOW|FORMATION_FOLLOW,1,1,37.8,3.475,0.069,-32.549,-27.536,-5.064,-5.062
0.0,0.0,0.0,6.0773,0,,0.0,FORMATION_FOLLOW|FORMATION_FOLLOW,1,1,37.9,3.503,0.068,-32.52,-27.507,-5.064,-5.063
0.0,0.0,0.0,6.0947,0,,0.0,FORMATION_FOLLOW|FORMATION_FOLLOW,1,1,38.0,3.532,0.066,-32.49,-27.477,-5.063,-5.064
0.0,0.0,0.0,6.1124,0,,0.0,FORMATION_FOLLOW|FORMATION_FOLLOW,1,1,38.1,3.56,0.065,-32.461,-27.447,-5.063,-5.064
0.0,0.0,0.0,6.1293,0,,0.0,FORMATION_FOLLOW|FORMATION_FOLLOW,1,1,38.2,3.588,0.064,-32.431,-27.417,-5.062,-5.065
0.0,0.0,0.0,6.1462,0,,0.0,FORMATION_FOLLOW|FORMATION_FOLLOW,1,1,38.3,3.616,0.062,-32.401,-27.387,-5.062,-5.065
0.0,0.0,0.0,6.1628,0,,0.0,FORMATION_FOLLOW|FORMATION_FOLLOW,1,1,38.4,3.644,0.061,-32.371,-27.356,-5.062,-5.065
0.0,0.0,0.0,6.179,0,,0.0,FORMATION_FOLLOW|FORMATION_FOLLOW,1,1,38.5,3.671,0.06,-32.34,-27.326,-5.062,-5.065
0.0,0.0,0.0,6.1955,0,,0.0,FORMATION_FOLLOW|FORMATION_FOLLOW,1,1,38.6,3.699,0.059,-32.31,-27.296,-5.062,-5.065
0.0,0.0,0.0,6.2119,0,,0.0,FORMATION_FOLLOW|FORMATION_FOLLOW,1,1,38.7,3.727,0.059,-32.28,-27.266,-5.062,-5.065
0.0,0.0,0.0,6.2283,0,,0.0,FORMATION_FOLLOW|FORMATION_FOLLOW,1,1,38.8,3.754,0.058,-32.249,-27.236,-5.062,-5.065
0.0,0.0,0.0,6.2444,0,,0.0,FORMATION_FOLLOW|FORMATION_FOLLOW,1,1,38.9,3.782,0.058,-32.219,-27.207,-5.062,-5.065
0.0,0.0,0.0,6.2604,0,,0.0,FORMATION_FOLLOW|FORMATION_FOLLOW,1,1,39.0,3.809,0.057,-32.189,-27.177,-5.061,-5.065
0.0,0.0,0.0,6.2766,0,,0.0,FORMATION_FOLLOW|FORMATION_FOLLOW,1,1,39.1,3.836,0.057,-32.158,-27.147,-5.061,-5.064
0.0,0.0,0.0,6.2935,0,,0.0,FORMATION_FOLLOW|FORMATION_FOLLOW,1,1,39.2,3.863,0.056,-32.128,-27.117,-5.061,-5.064
0.0,0.0,0.0,6.31,0,,0.0,FORMATION_FOLLOW|FORMATION_FOLLOW,1,1,39.3,3.891,0.056,-32.098,-27.086,-5.061,-5.064
0.0,0.0,0.0,6.3267,0,,0.0,FORMATION_FOLLOW|FORMATION_FOLLOW,1,1,39.4,3.918,0.056,-32.068,-27.056,-5.062,-5.064
0.0,0.0,0.0,6.3435,0,,0.0,FORMATION_FOLLOW|FORMATION_FOLLOW,1,1,39.5,3.945,0.056,-32.037,-27.026,-5.062,-5.065
0.0,0.0,0.0,6.3604,0,,0.0,FORMATION_FOLLOW|FORMATION_FOLLOW,1,1,39.6,3.972,0.055,-32.007,-26.996,-5.063,-5.065
0.0,0.0,0.0,6.3773,0,,0.0,FORMATION_FOLLOW|FORMATION_FOLLOW,1,1,39.7,3.999,0.055,-31.977,-26.966,-5.063,-5.066
0.0,0.0,0.0,6.394,0,,0.0,FORMATION_FOLLOW|FORMATION_FOLLOW,1,1,39.8,4.026,0.054,-31.946,-26.936,-5.063,-5.066
0.0,0.0,0.0,6.4109,0,,0.0,FORMATION_FOLLOW|FORMATION_FOLLOW,1,1,39.9,4.054,0.054,-31.916,-26.906,-5.063,-5.066
0.0,0.0,0.0,6.4281,0,,0.0,FORMATION_FOLLOW|FORMATION_FOLLOW,1,1,40.0,4.081,0.054,-31.886,-26.876,-5.063,-5.067
